"Name","Puesto","Club","Equipo","Edad","Extranjeros","ø.Valor.de.mercado..mill....","Valor.de.mercado.total..mill....","RnkT","PartidosT","GanadoT","EmpatadoT","PerdidoT","GolesT","Dif.golT","PuntosT","RnkM","PartidosM","GanadoM","EmpatadoM","PerdidoM","GolesM","Dif.golM","PuntosM","Año"
"Arsenal",4,"Arsenal FC",32,25.3,8,NA,NA,10,42,15,11,16,"40:38",2,56,16,21,8,6,7,"25:20",5,30,1992
"Aston Villa",22,"Aston Villa",30,25.5,11,NA,NA,2,42,21,11,10,"57:40",17,74,4,21,13,5,3,"36:16",20,44,1992
"Blackburn",12,"Blackburn Rovers",27,24.6,7,NA,NA,4,42,20,11,11,"68:46",22,71,6,21,13,4,4,"38:18",20,43,1992
"Chelsea",2,"Chelsea FC",35,25.5,17,NA,NA,11,42,14,14,14,"51:54",-3,56,13,21,9,7,5,"29:22",7,34,1992
"Coventry City",15,"Coventry City",31,25.5,11,NA,NA,15,42,13,13,16,"52:57",-5,52,21,21,7,4,10,"29:28",1,25,1992
"Crystal Palace",11,"Crystal Palace",29,24.4,6,NA,NA,20,42,11,16,15,"48:61",-13,49,19,21,6,9,6,"27:25",2,27,1992
"Everton",6,"Everton FC",27,27.1,8,NA,NA,13,42,15,8,19,"53:55",-2,53,20,21,7,6,8,"26:27",-1,27,1992
"Ipswich",7,"Ipswich Town",25,26.5,7,NA,NA,16,42,12,16,14,"50:55",-5,52,14,21,8,9,4,"29:22",7,33,1992
"Leeds",20,"Leeds United",32,25.6,7,NA,NA,17,42,12,15,15,"57:62",-5,51,3,21,12,8,1,"40:17",23,44,1992
"Liverpool",8,"Liverpool FC",31,25.5,14,NA,NA,6,42,16,11,15,"62:55",7,59,5,21,13,4,4,"41:18",23,43,1992
"Manchester City",16,"Manchester City",24,25.3,9,NA,NA,9,42,15,12,15,"56:51",5,57,18,21,7,8,6,"30:25",5,29,1992
"Manchester Utd.",13,"Manchester United",36,24.6,15,NA,NA,1,42,24,12,6,"67:31",36,84,1,21,14,5,2,"39:14",25,47,1992
"Middlesbrough",5,"Middlesbrough FC",27,25.9,10,NA,NA,21,42,11,11,20,"54:75",-21,44,17,21,8,5,8,"33:27",6,29,1992
"Norwich",3,"Norwich City",24,25,9,NA,NA,3,42,21,9,12,"61:65",-4,72,2,21,13,6,2,"31:19",12,45,1992
"Nottm Forest",9,"Nottingham Forest",25,24.8,9,NA,NA,22,42,10,10,22,"41:62",-21,40,22,21,6,4,11,"17:25",-8,22,1992
"Oldham Athletic",1,"Oldham Athletic",27,26.2,6,NA,NA,19,42,13,10,19,"63:74",-11,49,10,21,10,6,5,"43:30",13,36,1992
"QPR",21,"Queens Park Rangers",28,26.2,9,NA,NA,5,42,17,12,13,"63:55",8,63,8,21,11,5,5,"41:32",9,38,1992
"Sheff Utd",18,"Sheffield United",27,25.8,6,NA,NA,14,42,14,10,18,"54:53",1,52,9,21,10,6,5,"33:19",14,36,1992
"Sheff Wed",19,"Sheffield Wednesday",29,26.6,6,NA,NA,7,42,15,14,13,"55:51",4,59,12,21,9,8,4,"34:26",8,35,1992
"Southampton",14,"Southampton FC",26,25.8,6,NA,NA,18,42,13,11,18,"54:61",-7,50,11,21,10,6,5,"30:21",9,36,1992
"Tottenham",10,"Tottenham Hotspur",35,23.4,10,NA,NA,8,42,16,11,15,"60:66",-6,59,7,21,11,5,5,"40:25",15,38,1992
"Wimbledon",17,"Wimbledon FC",32,24.8,10,NA,NA,12,42,14,12,16,"56:55",1,54,15,21,9,4,8,"32:23",9,31,1992
"Arsenal",4,"Arsenal FC",26,26.5,7,NA,NA,4,42,18,17,7,"53:28",25,71,8,21,10,8,3,"25:15",10,38,1993
"Aston Villa",5,"Aston Villa",27,26.1,10,NA,NA,10,42,15,12,15,"46:50",-4,57,12,21,8,5,8,"23:18",5,29,1993
"Blackburn",12,"Blackburn Rovers",26,25.2,7,NA,NA,2,42,25,9,8,"63:36",27,84,2,21,14,5,2,"31:11",20,47,1993
"Chelsea",7,"Chelsea FC",36,25.4,16,NA,NA,14,42,13,12,17,"49:53",-4,51,7,21,11,5,5,"31:20",11,38,1993
"Coventry City",15,"Coventry City",30,26.5,11,NA,NA,11,42,14,14,14,"43:45",-2,56,10,21,9,7,5,"23:17",6,34,1993
"Everton",6,"Everton FC",31,25.4,7,NA,NA,17,42,12,8,22,"42:63",-21,44,16,21,8,4,9,"26:30",-4,28,1993
"Ipswich",9,"Ipswich Town",27,26.9,7,NA,NA,19,42,9,16,17,"35:58",-23,43,19,21,5,8,8,"21:32",-11,23,1993
"Leeds",2,"Leeds United",29,24.9,7,NA,NA,5,42,18,16,8,"65:39",26,70,4,21,13,6,2,"37:18",19,45,1993
"Liverpool",8,"Liverpool FC",31,26,12,NA,NA,8,42,17,9,16,"59:55",4,60,6,21,12,4,5,"33:23",10,40,1993
"Manchester City",16,"Manchester City",35,25.8,14,NA,NA,16,42,9,18,15,"38:49",-11,45,14,21,6,10,5,"24:22",2,28,1993
"Manchester Utd.",13,"Manchester United",34,24.7,15,NA,NA,1,42,27,11,4,"80:38",42,92,1,21,14,6,1,"39:13",26,48,1993
"Newcastle Utd.",11,"Newcastle United",31,26,9,NA,NA,3,42,23,8,11,"82:41",41,77,3,21,14,4,3,"51:14",37,46,1993
"Norwich",3,"Norwich City",28,24.8,11,NA,NA,12,42,12,17,13,"65:61",4,53,20,21,4,9,8,"26:29",-3,21,1993
"Oldham Athletic",1,"Oldham Athletic",29,25.8,6,NA,NA,21,42,9,13,20,"42:68",-26,40,18,21,5,8,8,"24:33",-9,23,1993
"QPR",21,"Queens Park Rangers",26,26.3,7,NA,NA,9,42,16,12,14,"62:61",1,60,11,21,8,7,6,"32:29",3,31,1993
"Sheff Utd",18,"Sheffield United",30,26.7,8,NA,NA,20,42,8,18,16,"42:60",-18,42,15,21,6,10,5,"24:23",1,28,1993
"Sheff Wed",19,"Sheffield Wednesday",28,26.5,5,NA,NA,7,42,16,16,10,"76:54",22,64,9,21,10,7,4,"48:24",24,37,1993
"Southampton",14,"Southampton FC",31,26.5,7,NA,NA,18,42,12,7,23,"49:66",-17,43,13,21,9,2,10,"30:31",-1,29,1993
"Swindon Town",20,"Swindon Town",28,27.4,9,NA,NA,22,42,5,15,22,"47:100",-53,30,22,21,4,7,10,"25:45",-20,19,1993
"Tottenham",10,"Tottenham Hotspur",37,24.1,11,NA,NA,15,42,11,12,19,"54:59",-5,45,21,21,4,8,9,"29:33",-4,20,1993
"West Ham",22,"West Ham United",28,27.4,5,NA,NA,13,42,13,13,16,"47:58",-11,52,17,21,6,7,8,"26:31",-5,25,1993
"Wimbledon",17,"Wimbledon FC",27,25.8,8,NA,NA,6,42,18,11,13,"56:53",3,65,5,21,12,5,4,"35:21",14,41,1993
"Arsenal",1,"Arsenal FC",33,26.1,9,NA,NA,12,42,13,12,17,"52:49",3,51,18,21,6,9,6,"27:21",6,27,1994
"Aston Villa",19,"Aston Villa",29,26.7,8,NA,NA,18,42,11,15,16,"51:56",-5,48,19,21,6,9,6,"27:24",3,27,1994
"Blackburn",9,"Blackburn Rovers",27,25.7,9,NA,NA,1,42,27,8,7,"80:39",41,89,1,21,17,2,2,"54:21",33,53,1994
"Chelsea",21,"Chelsea FC",30,26.4,13,NA,NA,11,42,13,15,14,"50:55",-5,54,15,21,7,7,7,"25:22",3,28,1994
"Coventry City",12,"Coventry City",29,27.3,13,NA,NA,16,42,12,14,16,"44:62",-18,50,17,21,7,7,7,"23:25",-2,28,1994
"Crystal Palace",8,"Crystal Palace",25,26.5,10,NA,NA,19,42,11,12,19,"34:49",-15,45,20,21,6,6,9,"16:23",-7,24,1994
"Everton",3,"Everton FC",27,26.3,7,NA,NA,15,42,11,17,14,"44:51",-7,50,10,21,8,9,4,"31:23",8,33,1994
"Ipswich",2,"Ipswich Town",34,26.2,11,NA,NA,22,42,7,6,29,"36:93",-57,27,22,21,5,3,13,"24:34",-10,18,1994
"Leeds",17,"Leeds United",27,26.1,10,NA,NA,5,42,20,13,9,"59:38",21,73,5,21,13,5,3,"35:15",20,44,1994
"Leicester City",16,"Leicester City",32,26.5,7,NA,NA,21,42,6,11,25,"45:80",-35,29,21,21,5,6,10,"28:37",-9,21,1994
"Liverpool",5,"Liverpool FC",28,25.6,11,NA,NA,4,42,21,11,10,"65:37",28,74,4,21,13,5,3,"38:13",25,44,1994
"Manchester City",13,"Manchester City",29,26.5,12,NA,NA,17,42,12,13,17,"53:64",-11,49,14,21,8,7,6,"37:28",9,31,1994
"Manchester Utd.",10,"Manchester United",33,23.7,13,NA,NA,2,42,26,10,6,"77:28",49,88,2,21,16,4,1,"42:4",38,52,1994
"Newcastle Utd.",6,"Newcastle United",26,26.5,8,NA,NA,6,42,20,12,10,"67:47",20,72,3,21,14,6,1,"46:20",26,48,1994
"Norwich",22,"Norwich City",29,25.2,10,NA,NA,20,42,10,13,19,"37:54",-17,43,12,21,8,8,5,"27:21",6,32,1994
"Nottm Forest",4,"Nottingham Forest",24,25.8,9,NA,NA,3,42,22,11,9,"72:43",29,77,6,21,12,6,3,"36:18",18,42,1994
"QPR",20,"Queens Park Rangers",24,26.8,7,NA,NA,8,42,17,9,16,"61:59",2,60,7,21,11,3,7,"36:26",10,36,1994
"Sheff Wed",18,"Sheffield Wednesday",26,26.6,6,NA,NA,13,42,13,12,17,"49:57",-8,51,16,21,7,7,7,"26:26",0,28,1994
"Southampton",11,"Southampton FC",26,25.4,8,NA,NA,10,42,12,18,12,"61:63",-2,54,11,21,8,9,4,"33:27",6,33,1994
"Tottenham",7,"Tottenham Hotspur",30,25.3,12,NA,NA,7,42,16,14,12,"66:58",8,62,8,21,10,5,6,"32:25",7,35,1994
"West Ham",15,"West Ham United",28,27.7,7,NA,NA,14,42,13,11,18,"44:48",-4,50,9,21,9,6,6,"28:19",9,33,1994
"Wimbledon",14,"Wimbledon FC",32,26.7,13,NA,NA,9,42,15,11,16,"48:65",-17,56,13,21,9,5,7,"26:26",0,32,1994
"Arsenal",2,"Arsenal FC",30,26.8,8,NA,NA,5,38,17,12,9,"49:32",17,63,7,19,10,7,2,"30:16",14,37,1995
"Aston Villa",1,"Aston Villa",26,24.7,9,NA,NA,4,38,18,9,11,"52:35",17,63,6,19,11,5,3,"32:15",17,38,1995
"Blackburn",10,"Blackburn Rovers",31,25.2,10,NA,NA,7,38,18,7,13,"61:47",14,61,4,19,14,2,3,"44:19",25,44,1995
"Bolton",16,"Bolton Wanderers",29,25.4,14,NA,NA,20,38,8,5,25,"39:71",-32,29,20,19,5,4,10,"16:31",-15,19,1995
"Chelsea",3,"Chelsea FC",32,26.9,17,NA,NA,11,38,12,14,12,"46:44",2,50,11,19,7,7,5,"30:22",8,28,1995
"Coventry City",13,"Coventry City",34,27.3,12,NA,NA,16,38,8,14,16,"42:60",-18,38,17,19,6,7,6,"21:23",-2,25,1995
"Everton",4,"Everton FC",27,26.2,8,NA,NA,6,38,17,10,11,"64:44",20,61,8,19,10,5,4,"35:19",16,35,1995
"Leeds",20,"Leeds United",34,25.4,13,NA,NA,13,38,12,7,19,"40:57",-17,43,15,19,8,3,8,"21:21",0,27,1995
"Liverpool",6,"Liverpool FC",30,25.1,12,NA,NA,3,38,20,11,7,"70:34",36,71,3,19,14,4,1,"46:13",33,46,1995
"Manchester City",14,"Manchester City",35,25.7,18,NA,NA,18,38,9,11,18,"33:58",-25,38,13,19,7,7,5,"21:19",2,28,1995
"Manchester Utd.",11,"Manchester United",29,24.7,11,NA,NA,1,38,25,7,6,"73:35",38,82,2,19,15,4,0,"36:9",27,49,1995
"Middlesbrough",5,"Middlesbrough FC",33,25.8,12,NA,NA,12,38,11,10,17,"35:50",-15,43,14,19,8,3,8,"27:27",0,27,1995
"Newcastle Utd.",9,"Newcastle United",27,25.9,9,NA,NA,2,38,24,6,8,"66:37",29,78,1,19,17,1,1,"38:9",29,52,1995
"Nottm Forest",7,"Nottingham Forest",29,25.7,10,NA,NA,9,38,15,13,10,"50:54",-4,58,5,19,11,6,2,"29:17",12,39,1995
"QPR",19,"Queens Park Rangers",29,25.9,9,NA,NA,19,38,9,6,23,"38:57",-19,33,18,19,6,5,8,"25:26",-1,23,1995
"Sheff Wed",17,"Sheffield Wednesday",40,26.3,12,NA,NA,15,38,10,10,18,"48:61",-13,40,16,19,7,5,7,"30:31",-1,26,1995
"Southampton",12,"Southampton FC",27,25.7,7,NA,NA,17,38,9,11,18,"34:52",-18,38,12,19,7,7,5,"21:18",3,28,1995
"Tottenham",8,"Tottenham Hotspur",43,24.8,13,NA,NA,8,38,16,13,9,"50:38",12,61,9,19,9,5,5,"26:19",7,32,1995
"West Ham",18,"West Ham United",38,27.2,17,NA,NA,10,38,14,9,15,"43:52",-9,51,10,19,9,5,5,"25:21",4,32,1995
"Wimbledon",15,"Wimbledon FC",45,25.4,13,NA,NA,14,38,10,11,17,"55:70",-15,41,19,19,5,6,8,"27:33",-6,21,1995
"Arsenal",2,"Arsenal FC",32,27.2,10,NA,NA,3,38,19,11,8,"62:32",30,68,5,19,10,5,4,"36:18",18,35,1996
"Aston Villa",1,"Aston Villa",26,24.8,11,NA,NA,5,38,17,10,11,"47:34",13,61,3,19,11,5,3,"27:13",14,38,1996
"Blackburn",12,"Blackburn Rovers",28,25.3,13,NA,NA,13,38,9,15,14,"42:43",-1,42,10,19,8,4,7,"28:23",5,28,1996
"Chelsea",3,"Chelsea FC",32,26.9,17,NA,NA,6,38,16,11,11,"58:55",3,59,6,19,9,8,2,"33:22",11,35,1996
"Coventry City",13,"Coventry City",33,25.3,17,NA,NA,17,38,9,14,15,"38:54",-16,41,19,19,4,8,7,"19:23",-4,20,1996
"Derby",4,"Derby County",31,26.1,14,NA,NA,12,38,11,13,14,"45:58",-13,46,9,19,8,6,5,"25:22",3,30,1996
"Everton",6,"Everton FC",29,25.3,9,NA,NA,15,38,10,12,16,"44:57",-13,42,18,19,7,4,8,"24:22",2,25,1996
"Leeds",20,"Leeds United",33,25.1,14,NA,NA,11,38,11,13,14,"28:38",-10,46,12,19,7,7,5,"15:13",2,28,1996
"Leicester City",17,"Leicester City",31,27,10,NA,NA,9,38,12,11,15,"46:54",-8,47,16,19,7,5,7,"22:26",-4,26,1996
"Liverpool",8,"Liverpool FC",27,24.4,11,NA,NA,4,38,19,11,8,"62:37",25,68,4,19,10,6,3,"38:19",19,36,1996
"Manchester Utd.",11,"Manchester United",32,24,15,NA,NA,1,38,21,12,5,"76:44",32,75,2,19,12,5,2,"38:17",21,41,1996
"Newcastle Utd.",9,"Newcastle United",24,26,8,NA,NA,2,38,19,11,8,"73:40",33,68,1,19,13,3,3,"54:20",34,42,1996
"Nottm Forest",7,"Nottingham Forest",33,26,13,NA,NA,20,38,6,16,16,"31:59",-28,34,20,19,3,9,7,"15:27",-12,18,1996
"Sheff Wed",19,"Sheffield Wednesday",25,26.9,8,NA,NA,7,38,14,15,9,"50:51",-1,57,7,19,8,10,1,"25:16",9,34,1996
"Southampton",14,"Southampton FC",34,25.6,13,NA,NA,16,38,10,11,17,"50:56",-6,41,17,19,6,7,6,"32:24",8,25,1996
"Sunderland",16,"Sunderland AFC",30,26.8,9,NA,NA,18,38,10,10,18,"35:53",-18,40,14,19,7,6,6,"20:18",2,27,1996
"Tottenham",10,"Tottenham Hotspur",33,25.3,13,NA,NA,10,38,13,7,18,"44:51",-7,46,11,19,8,4,7,"19:17",2,28,1996
"West Ham",18,"West Ham United",35,27.7,17,NA,NA,14,38,10,12,16,"39:48",-9,42,13,19,7,6,6,"27:25",2,27,1996
"Wimbledon",15,"Wimbledon FC",26,26.6,14,NA,NA,8,38,15,11,12,"49:46",3,56,8,19,9,6,4,"28:21",7,33,1996
"Arsenal",2,"Arsenal FC",30,26.2,13,NA,NA,1,38,23,9,6,"68:33",35,78,1,19,15,2,2,"43:10",33,47,1997
"Aston Villa",3,"Aston Villa",31,24,11,NA,NA,7,38,17,6,15,"49:48",1,57,12,19,9,3,7,"26:24",2,30,1997
"Barnsley FC",16,"Barnsley FC",28,27,13,NA,NA,18,38,10,5,23,"37:82",-45,35,18,19,7,4,8,"25:35",-10,25,1997
"Blackburn",12,"Blackburn Rovers",31,25.6,19,NA,NA,6,38,16,10,12,"57:52",5,58,7,19,11,4,4,"40:26",14,37,1997
"Bolton",18,"Bolton Wanderers",34,26.3,15,NA,NA,17,38,9,13,16,"41:61",-20,40,13,19,7,8,4,"25:22",3,29,1997
"Chelsea",5,"Chelsea FC",36,26.3,19,NA,NA,4,38,20,3,15,"71:43",28,63,5,19,13,2,4,"37:14",23,41,1997
"Coventry City",13,"Coventry City",34,25.9,18,NA,NA,11,38,12,16,10,"46:44",2,52,8,19,8,9,2,"26:17",9,33,1997
"Crystal Palace",9,"Crystal Palace",42,24.1,24,NA,NA,19,38,8,9,21,"37:71",-34,33,20,19,2,5,12,"15:39",-24,11,1997
"Derby",4,"Derby County",31,25.5,18,NA,NA,9,38,16,7,15,"52:49",3,55,6,19,12,3,4,"33:18",15,39,1997
"Everton",6,"Everton FC",36,24.8,14,NA,NA,16,38,9,13,16,"41:56",-15,40,17,19,7,5,7,"25:27",-2,26,1997
"Leeds",1,"Leeds United",36,23.7,23,NA,NA,5,38,17,8,13,"57:46",11,59,9,19,9,5,5,"31:21",10,32,1997
"Leicester City",17,"Leicester City",28,26.4,11,NA,NA,10,38,13,14,11,"51:41",10,53,16,19,6,10,3,"21:15",6,28,1997
"Liverpool",8,"Liverpool FC",33,24.8,17,NA,NA,3,38,18,11,9,"68:42",26,65,4,19,13,2,4,"42:16",26,41,1997
"Manchester Utd.",11,"Manchester United",35,24.4,15,NA,NA,2,38,23,8,7,"73:26",47,77,2,19,13,4,2,"42:9",33,43,1997
"Newcastle Utd.",7,"Newcastle United",39,25.1,20,NA,NA,13,38,11,11,16,"35:44",-9,44,14,19,8,5,6,"22:20",2,29,1997
"Sheff Wed",19,"Sheffield Wednesday",37,26.8,19,NA,NA,15,38,12,8,18,"52:67",-15,44,10,19,9,5,5,"30:26",4,32,1997
"Southampton",14,"Southampton FC",40,25.6,16,NA,NA,12,38,14,6,18,"50:55",-5,48,11,19,10,1,8,"28:23",5,31,1997
"Tottenham",10,"Tottenham Hotspur",37,26,18,NA,NA,14,38,11,11,16,"44:56",-12,44,15,19,7,8,4,"23:22",1,29,1997
"West Ham",20,"West Ham United",38,25.7,17,NA,NA,8,38,16,8,14,"56:57",-1,56,3,19,13,4,2,"40:18",22,43,1997
"Wimbledon",15,"Wimbledon FC",32,26.6,18,NA,NA,20,21,7,6,8,"23:27",-4,27,19,19,5,6,8,"18:25",-7,21,1997
"Arsenal",2,"Arsenal FC",39,24.2,20,NA,NA,2,38,22,12,4,"59:17",42,78,1,19,14,5,0,"34:5",29,47,1998
"Aston Villa",1,"Aston Villa",34,24.5,10,NA,NA,6,38,15,10,13,"51:46",5,55,7,19,10,3,6,"33:28",5,33,1998
"Blackburn",12,"Blackburn Rovers",38,25,23,NA,NA,19,38,7,14,17,"38:52",-14,35,18,19,6,5,8,"21:24",-3,23,1998
"Charlton",16,"Charlton Athletic",32,27.8,8,NA,NA,18,38,8,12,18,"41:56",-15,36,19,19,4,7,8,"20:20",0,19,1998
"Chelsea",3,"Chelsea FC",32,26.7,20,NA,NA,3,38,20,15,3,"57:30",27,75,3,19,12,6,1,"29:13",16,42,1998
"Coventry City",13,"Coventry City",41,24.8,21,NA,NA,15,38,11,9,18,"39:51",-12,42,11,19,8,6,5,"26:21",5,30,1998
"Derby",4,"Derby County",32,24.7,18,NA,NA,8,38,13,13,12,"40:45",-5,52,9,19,8,7,4,"22:19",3,31,1998
"Everton",6,"Everton FC",37,25.1,18,NA,NA,14,38,11,10,17,"42:47",-5,43,16,19,6,8,5,"22:12",10,26,1998
"Leeds",20,"Leeds United",36,24,23,NA,NA,4,38,18,13,7,"62:34",28,67,4,19,12,5,2,"32:9",23,41,1998
"Leicester City",17,"Leicester City",26,27.3,13,NA,NA,10,38,12,13,13,"40:46",-6,49,15,19,7,6,6,"25:25",0,27,1998
"Liverpool",8,"Liverpool FC",35,24.8,20,NA,NA,7,38,15,9,14,"68:49",19,54,6,19,10,5,4,"44:24",20,35,1998
"Manchester Utd.",11,"Manchester United",37,24.4,17,NA,NA,1,38,22,13,3,"80:37",43,79,2,19,14,4,1,"45:18",27,46,1998
"Middlesbrough",5,"Middlesbrough FC",32,26.7,15,NA,NA,9,38,12,15,11,"48:54",-6,51,10,19,7,9,3,"25:18",7,30,1998
"Newcastle Utd.",9,"Newcastle United",35,25.8,22,NA,NA,13,38,11,13,14,"48:54",-6,46,14,19,7,6,6,"26:25",1,27,1998
"Nottm Forest",7,"Nottingham Forest",38,26.8,23,NA,NA,20,38,7,9,22,"35:69",-34,30,20,19,3,7,9,"18:31",-13,16,1998
"Sheff Wed",19,"Sheffield Wednesday",32,26,17,NA,NA,12,38,13,7,18,"41:42",-1,46,17,19,7,5,7,"20:15",5,26,1998
"Southampton",14,"Southampton FC",34,26.4,13,NA,NA,17,38,11,8,19,"37:64",-27,41,8,19,9,4,6,"29:26",3,31,1998
"Tottenham",10,"Tottenham Hotspur",34,26.9,17,NA,NA,11,38,11,14,13,"47:50",-3,47,12,19,7,7,5,"28:26",2,28,1998
"West Ham",18,"West Ham United",37,26.4,15,NA,NA,5,38,16,9,13,"46:53",-7,57,5,19,11,3,5,"32:26",6,36,1998
"Wimbledon",15,"Wimbledon FC",31,26.3,19,NA,NA,16,38,10,12,16,"40:63",-23,42,13,19,7,7,5,"22:21",1,28,1998
"Arsenal",2,"Arsenal FC",35,25.7,20,NA,NA,2,38,22,7,9,"73:43",30,73,2,19,14,3,2,"42:17",25,45,1999
"Aston Villa",20,"Aston Villa",34,25,11,NA,NA,6,38,15,13,10,"46:35",11,58,12,19,8,8,3,"23:12",11,32,1999
"Bradford",17,"Bradford City",29,29,11,NA,NA,17,38,9,9,20,"38:68",-30,36,16,19,6,8,5,"26:29",-3,26,1999
"Chelsea",1,"Chelsea FC",33,27.1,22,NA,NA,5,38,18,11,9,"53:34",19,65,3,19,12,5,2,"35:12",23,41,1999
"Coventry City",9,"Coventry City",41,25,24,NA,NA,14,38,12,8,18,"47:54",-7,44,6,19,12,1,6,"38:22",16,37,1999
"Derby",4,"Derby County",35,25.5,19,NA,NA,16,38,9,11,18,"44:57",-13,38,19,19,6,3,10,"22:25",-3,21,1999
"Everton",6,"Everton FC",38,25.4,17,NA,NA,13,38,12,14,12,"59:49",10,50,13,19,7,9,3,"36:21",15,30,1999
"Leeds",18,"Leeds United",33,23.7,18,NA,NA,3,38,21,6,11,"58:43",15,69,4,19,12,2,5,"29:18",11,38,1999
"Leicester City",13,"Leicester City",38,25,13,NA,NA,8,38,16,7,15,"55:55",0,55,11,19,10,3,6,"31:24",7,33,1999
"Liverpool",8,"Liverpool FC",33,25.1,23,NA,NA,4,38,19,10,9,"51:30",21,67,7,19,11,4,4,"28:13",15,37,1999
"Manchester Utd.",7,"Manchester United",41,24.5,21,NA,NA,1,38,28,7,3,"97:45",52,91,1,19,15,4,0,"59:16",43,49,1999
"Middlesbrough",3,"Middlesbrough FC",34,26.1,17,NA,NA,12,38,14,10,14,"46:52",-6,52,14,19,8,5,6,"23:26",-3,29,1999
"Newcastle Utd.",5,"Newcastle United",37,25.8,24,NA,NA,11,38,14,10,14,"63:54",9,52,9,19,10,5,4,"42:20",22,35,1999
"Sheff Wed",19,"Sheffield Wednesday",32,26.5,17,NA,NA,19,38,8,7,23,"38:70",-32,31,18,19,6,3,10,"21:23",-2,21,1999
"Southampton",12,"Southampton FC",38,26.8,16,NA,NA,15,38,12,8,18,"45:62",-17,44,15,19,8,4,7,"26:22",4,28,1999
"Sunderland",14,"Sunderland AFC",34,25.3,18,NA,NA,7,38,16,10,12,"57:56",1,58,8,19,10,6,3,"28:17",11,36,1999
"Tottenham",10,"Tottenham Hotspur",34,25.9,16,NA,NA,10,38,15,8,15,"57:49",8,53,10,19,10,3,6,"40:26",14,33,1999
"Watford",15,"Watford FC",32,25.2,16,NA,NA,20,38,6,6,26,"35:77",-42,24,20,19,5,4,10,"24:31",-7,19,1999
"West Ham",16,"West Ham United",34,27.5,17,NA,NA,9,38,15,10,13,"52:53",-1,55,5,19,11,5,3,"32:23",9,38,1999
"Wimbledon",11,"Wimbledon FC",34,26.4,22,NA,NA,18,38,7,12,19,"46:74",-28,33,17,19,6,7,6,"30:28",2,25,1999
"Arsenal",2,"Arsenal FC",37,25.6,24,NA,NA,2,38,20,10,8,"63:38",25,70,1,19,15,3,1,"45:13",32,48,2000
"Aston Villa",3,"Aston Villa",32,25.7,12,NA,NA,8,38,13,15,10,"46:43",3,54,13,19,8,8,3,"27:20",7,32,2000
"Bradford",19,"Bradford City",39,28.6,16,NA,NA,20,38,5,11,22,"30:70",-40,26,18,19,4,7,8,"20:29",-9,19,2000
"Charlton",18,"Charlton Athletic",33,26.3,14,NA,NA,9,38,14,10,14,"50:57",-7,52,7,19,11,5,3,"31:19",12,38,2000
"Chelsea",5,"Chelsea FC",38,27.3,30,NA,NA,6,38,17,10,11,"68:45",23,61,4,19,13,3,3,"44:20",24,42,2000
"Coventry City",15,"Coventry City",38,24.7,22,NA,NA,19,38,8,10,20,"36:63",-27,34,19,19,4,7,8,"14:23",-9,19,2000
"Derby",4,"Derby County",39,24.3,24,NA,NA,17,38,10,12,16,"37:59",-22,42,14,19,8,7,4,"23:24",-1,31,2000
"Everton",6,"Everton FC",35,26.3,20,NA,NA,16,38,11,9,18,"45:59",-14,42,15,19,6,8,5,"29:27",2,26,2000
"Ipswich",9,"Ipswich Town",30,26.5,12,NA,NA,5,38,20,6,12,"57:42",15,66,6,19,11,5,3,"31:15",16,38,2000
"Leeds",1,"Leeds United",37,23.4,23,NA,NA,4,38,20,8,10,"64:43",21,68,8,19,11,3,5,"36:21",15,36,2000
"Leicester City",17,"Leicester City",40,26.1,15,NA,NA,13,38,14,6,18,"39:51",-12,48,12,19,10,4,5,"28:23",5,34,2000
"Liverpool",8,"Liverpool FC",35,25.4,25,NA,NA,3,38,20,9,9,"71:39",32,69,3,19,13,4,2,"40:14",26,43,2000
"Manchester City",14,"Manchester City",40,26,27,NA,NA,18,38,8,10,20,"41:65",-24,34,20,19,4,3,12,"20:31",-11,15,2000
"Manchester Utd.",13,"Manchester United",39,25.7,21,NA,NA,1,38,24,8,6,"79:31",48,80,2,19,15,2,2,"49:12",37,47,2000
"Middlesbrough",7,"Middlesbrough FC",35,27.1,17,NA,NA,14,38,9,15,14,"44:44",0,42,17,19,4,7,8,"18:23",-5,19,2000
"Newcastle Utd.",11,"Newcastle United",37,24.4,25,NA,NA,11,38,14,9,15,"44:50",-6,51,10,19,10,4,5,"26:17",9,34,2000
"Southampton",12,"Southampton FC",32,26.8,15,NA,NA,10,38,14,10,14,"40:48",-8,52,9,19,11,2,6,"27:22",5,35,2000
"Sunderland",16,"Sunderland AFC",38,25.2,24,NA,NA,7,38,15,12,11,"46:41",5,57,11,19,9,7,3,"24:16",8,34,2000
"Tottenham",10,"Tottenham Hotspur",36,25.4,18,NA,NA,12,38,13,10,15,"47:54",-7,49,5,19,11,6,2,"31:16",15,39,2000
"West Ham",20,"West Ham United",48,25.7,28,NA,NA,15,38,10,12,16,"45:50",-5,42,16,19,6,6,7,"24:20",4,24,2000
"Arsenal",2,"Arsenal FC",37,24.9,22,NA,NA,1,38,26,9,3,"79:36",43,87,3,19,12,4,3,"42:25",17,40,2001
"Aston Villa",5,"Aston Villa",27,26.3,15,NA,NA,8,38,12,14,12,"46:47",-1,50,9,19,8,7,4,"22:17",5,31,2001
"Blackburn",12,"Blackburn Rovers",35,27.2,22,NA,NA,10,38,12,10,16,"55:51",4,46,10,19,8,6,5,"33:20",13,30,2001
"Bolton",18,"Bolton Wanderers",43,26.8,27,NA,NA,16,38,9,13,16,"44:62",-18,40,17,19,5,7,7,"20:31",-11,22,2001
"Charlton",20,"Charlton Athletic",33,27.3,16,NA,NA,14,38,10,14,14,"38:49",-11,44,18,19,5,6,8,"23:30",-7,21,2001
"Chelsea",7,"Chelsea FC",37,25.2,27,NA,NA,6,38,17,13,8,"66:38",28,64,5,19,11,4,4,"43:21",22,37,2001
"Derby",4,"Derby County",41,25.4,24,NA,NA,19,38,8,6,24,"33:63",-30,30,19,19,5,4,10,"20:26",-6,19,2001
"Everton",6,"Everton FC",33,26.8,20,NA,NA,15,38,11,10,17,"45:57",-12,43,12,19,8,4,7,"26:23",3,28,2001
"Fulham",15,"Fulham FC",34,26.1,24,NA,NA,13,38,10,14,14,"36:44",-8,44,11,19,7,7,5,"21:16",5,28,2001
"Ipswich",11,"Ipswich Town",34,26.1,15,NA,NA,18,38,9,9,20,"41:64",-23,36,16,19,6,4,9,"20:24",-4,22,2001
"Leeds",3,"Leeds United",27,25,14,NA,NA,5,38,18,12,8,"53:37",16,66,8,19,9,6,4,"31:21",10,33,2001
"Leicester City",19,"Leicester City",37,26,13,NA,NA,20,38,5,13,20,"30:64",-34,28,20,19,3,7,9,"15:34",-19,16,2001
"Liverpool",8,"Liverpool FC",34,25.7,24,NA,NA,2,38,24,8,6,"67:30",37,80,1,19,12,5,2,"33:14",19,41,2001
"Manchester Utd.",17,"Manchester United",37,25.8,22,NA,NA,3,38,24,5,9,"87:45",42,77,6,19,11,2,6,"40:17",23,35,2001
"Middlesbrough",9,"Middlesbrough FC",39,26.8,18,NA,NA,12,38,12,9,17,"35:47",-12,45,15,19,7,5,7,"23:26",-3,26,2001
"Newcastle Utd.",13,"Newcastle United",35,24.9,22,NA,NA,4,38,21,8,9,"74:52",22,71,4,19,12,3,4,"40:23",17,39,2001
"Southampton",14,"Southampton FC",37,27,19,NA,NA,11,38,12,9,17,"46:54",-8,45,14,19,7,5,7,"23:22",1,26,2001
"Sunderland",16,"Sunderland AFC",33,25.8,22,NA,NA,17,38,10,10,18,"29:51",-22,40,13,19,7,7,5,"18:16",2,28,2001
"Tottenham",10,"Tottenham Hotspur",30,28,13,NA,NA,9,38,14,8,16,"49:53",-4,50,7,19,10,4,5,"32:24",8,34,2001
"West Ham",1,"West Ham United",33,27.8,21,NA,NA,7,38,15,8,15,"48:57",-9,53,2,19,12,4,3,"32:14",18,40,2001
"Arsenal",1,"Arsenal FC",35,25.6,22,NA,NA,2,38,23,9,6,"85:42",43,78,2,19,15,2,2,"47:20",27,47,2002
"Aston Villa",8,"Aston Villa",35,26.5,21,NA,NA,16,38,12,9,17,"42:47",-5,45,9,19,11,2,6,"25:14",11,35,2002
"Birmingham",20,"Birmingham City",36,26.9,21,NA,NA,13,38,13,9,16,"41:49",-8,48,15,19,8,5,6,"25:23",2,29,2002
"Blackburn",10,"Blackburn Rovers",35,26.5,20,NA,NA,6,38,16,12,10,"52:43",9,60,11,19,9,7,3,"24:15",9,34,2002
"Bolton",16,"Bolton Wanderers",38,27.5,24,NA,NA,17,38,10,14,14,"41:51",-10,44,13,19,7,8,4,"27:24",3,29,2002
"Charlton",14,"Charlton Athletic",31,27.1,15,NA,NA,12,38,14,7,17,"45:56",-11,49,16,19,8,3,8,"26:30",-4,27,2002
"Chelsea",6,"Chelsea FC",32,26,23,NA,NA,4,38,19,10,9,"68:38",30,67,4,19,12,5,2,"41:15",26,41,2002
"Everton",15,"Everton FC",33,26.3,21,NA,NA,7,38,17,8,13,"48:49",-1,59,5,19,11,5,3,"28:19",9,38,2002
"Fulham",13,"Fulham FC",32,27.4,25,NA,NA,14,38,13,9,16,"41:50",-9,48,7,19,11,3,5,"26:18",8,36,2002
"Leeds",5,"Leeds United",36,25.2,19,NA,NA,15,38,14,5,19,"58:57",1,47,17,19,7,3,9,"25:26",-1,24,2002
"Liverpool",2,"Liverpool FC",31,24.9,21,NA,NA,5,38,18,10,10,"61:41",20,64,8,19,9,8,2,"30:16",14,35,2002
"Manchester City",18,"Manchester City",44,25.8,34,NA,NA,9,38,15,6,17,"47:54",-7,51,14,19,9,2,8,"28:26",2,29,2002
"Manchester Utd.",3,"Manchester United",34,25.3,19,NA,NA,1,38,25,8,5,"74:34",40,83,1,19,16,2,1,"42:12",30,50,2002
"Middlesbrough",12,"Middlesbrough FC",39,25.1,19,NA,NA,11,38,13,10,15,"48:44",4,49,6,19,10,7,2,"36:21",15,37,2002
"Newcastle Utd.",4,"Newcastle United",34,24.6,18,NA,NA,3,38,21,6,11,"63:48",15,69,3,19,15,2,2,"36:17",19,47,2002
"Southampton",11,"Southampton FC",34,26.6,20,NA,NA,8,38,13,13,12,"43:46",-3,52,10,19,9,8,2,"25:16",9,35,2002
"Sunderland",17,"Sunderland AFC",45,25.3,29,NA,NA,20,38,4,7,27,"21:65",-44,19,20,19,3,2,14,"11:31",-20,11,2002
"Tottenham",9,"Tottenham Hotspur",34,26.6,20,NA,NA,10,38,14,8,16,"51:62",-11,50,12,19,9,4,6,"30:29",1,31,2002
"West Brom",19,"West Bromwich Albion",29,26.3,12,NA,NA,19,38,6,8,24,"29:65",-36,26,19,19,3,5,11,"17:34",-17,14,2002
"West Ham",7,"West Ham United",41,26.1,23,NA,NA,18,38,10,12,16,"42:59",-17,42,18,19,5,7,7,"21:24",-3,22,2002
"Arsenal",2,"Arsenal FC",38,24.4,27,NA,NA,1,38,26,12,0,"73:26",47,90,1,19,15,4,0,"40:14",26,49,2003
"Aston Villa",16,"Aston Villa",27,26.1,17,NA,NA,6,38,15,11,12,"48:44",4,56,7,19,9,6,4,"24:19",5,33,2003
"Birmingham",13,"Birmingham City",28,27.2,17,NA,NA,10,38,12,14,12,"43:48",-5,50,12,19,8,5,6,"26:24",2,29,2003
"Blackburn",6,"Blackburn Rovers",35,26.5,24,NA,NA,15,38,12,8,18,"51:59",-8,44,19,19,5,4,10,"25:31",-6,19,2003
"Bolton",17,"Bolton Wanderers",35,26.7,22,NA,NA,8,38,14,11,13,"48:56",-8,53,15,19,6,8,5,"24:21",3,26,2003
"Charlton",12,"Charlton Athletic",31,26.7,16,NA,NA,7,38,14,11,13,"51:51",0,53,14,19,7,6,6,"29:29",0,27,2003
"Chelsea",4,"Chelsea FC",30,25.9,23,NA,NA,2,38,24,7,7,"67:30",37,79,3,19,12,4,3,"34:13",21,40,2003
"Everton",7,"Everton FC",31,27.1,16,NA,NA,17,38,9,12,17,"45:57",-12,39,11,19,8,5,6,"27:20",7,29,2003
"FC Portsmouth",18,"FC Portsmouth",38,26.6,27,NA,NA,13,38,12,9,17,"47:54",-7,45,5,19,10,4,5,"35:19",16,34,2003
"Fulham",14,"Fulham FC",35,26.9,25,NA,NA,9,38,14,10,14,"52:46",6,52,8,19,9,4,6,"29:21",8,31,2003
"Leeds",15,"Leeds United",36,24.8,18,NA,NA,19,38,8,9,21,"40:79",-39,33,18,19,5,7,7,"25:31",-6,22,2003
"Leicester City",19,"Leicester City",40,27.7,20,NA,NA,18,38,6,15,17,"48:65",-17,33,20,19,3,10,6,"19:28",-9,19,2003
"Liverpool",5,"Liverpool FC",33,24.4,23,NA,NA,4,38,16,12,10,"55:37",18,60,6,19,10,4,5,"29:15",14,34,2003
"Manchester City",9,"Manchester City",33,26.9,23,NA,NA,16,38,9,14,15,"55:54",1,41,17,19,5,9,5,"31:24",7,24,2003
"Manchester Utd.",1,"Manchester United",36,23.5,20,NA,NA,3,38,23,6,9,"64:35",29,75,2,19,12,4,3,"37:15",22,40,2003
"Middlesbrough",11,"Middlesbrough FC",36,25.1,16,NA,NA,11,38,13,9,16,"44:52",-8,48,13,19,8,4,7,"25:23",2,28,2003
"Newcastle Utd.",3,"Newcastle United",32,24.7,13,NA,NA,5,38,13,17,8,"52:40",12,56,4,19,11,5,3,"33:14",19,38,2003
"Southampton",8,"Southampton FC",35,26.2,20,NA,NA,12,38,12,11,15,"44:45",-1,47,10,19,8,6,5,"24:17",7,30,2003
"Tottenham",10,"Tottenham Hotspur",33,25.2,18,NA,NA,14,38,13,6,19,"47:57",-10,45,9,19,9,4,6,"33:27",6,31,2003
"Wolverhampton",20,"Wolverhampton Wanderers",35,27.3,23,NA,NA,20,38,7,12,19,"38:77",-39,33,16,19,7,5,7,"23:35",-12,26,2003
"Arsenal",3,"Arsenal FC",37,23.4,29,6.68,247,2,38,25,8,5,"87:36",51,83,2,19,13,5,1,"54:19",35,44,2004
"Aston Villa",11,"Aston Villa",26,24.8,16,3.24,84.18,10,38,12,11,15,"45:52",-7,47,10,19,8,6,5,"26:17",9,30,2004
"Birmingham",7,"Birmingham City",37,26.1,21,2.86,105.98,12,38,11,12,15,"40:46",-6,45,11,19,8,6,5,"24:15",9,30,2004
"Blackburn",13,"Blackburn Rovers",35,27.1,26,2.11,73.88,15,38,9,15,14,"32:43",-11,42,19,19,5,8,6,"21:22",-1,23,2004
"Bolton",15,"Bolton Wanderers",29,28,20,2.19,63.58,6,38,16,10,12,"49:44",5,58,8,19,9,5,5,"25:18",7,32,2004
"Charlton",17,"Charlton Athletic",26,26.5,15,2.22,57.8,11,38,12,10,16,"42:58",-16,46,14,19,8,4,7,"29:29",0,28,2004
"Chelsea",1,"Chelsea FC",31,24.4,24,10.69,331.48,1,38,29,8,1,"72:15",57,95,1,19,14,5,0,"35:6",29,47,2004
"Crystal Palace",19,"Crystal Palace",35,24.8,17,1.1,38.53,18,38,7,12,19,"41:62",-21,33,18,19,6,5,8,"21:19",2,23,2004
"Everton",12,"Everton FC",27,26.8,16,2.75,74.28,4,38,18,7,13,"45:46",-1,61,5,19,12,2,5,"24:15",9,38,2004
"FC Portsmouth",16,"FC Portsmouth",36,26,23,1.75,63,16,38,10,9,19,"43:59",-16,39,12,19,8,4,7,"30:26",4,28,2004
"Fulham",14,"Fulham FC",34,25.9,23,1.92,65.23,13,38,12,8,18,"52:60",-8,44,13,19,8,4,7,"29:26",3,28,2004
"Liverpool",4,"Liverpool FC",38,24.8,26,5.85,222.13,5,38,17,7,14,"52:41",11,58,4,19,12,4,3,"31:15",16,40,2004
"Manchester City",8,"Manchester City",34,26.1,21,2.77,94.3,8,38,13,13,12,"47:39",8,52,9,19,8,6,5,"24:14",10,30,2004
"Manchester Utd.",2,"Manchester United",36,24.4,24,8.14,293.13,3,38,22,11,5,"58:26",32,77,3,19,12,6,1,"31:12",19,42,2004
"Middlesbrough",9,"Middlesbrough FC",32,25.7,13,2.78,88.93,7,38,14,13,11,"53:46",7,55,6,19,9,6,4,"29:19",10,33,2004
"Newcastle Utd.",6,"Newcastle United",32,25.4,15,3.93,125.9,14,38,10,14,14,"47:57",-10,44,15,19,7,7,5,"25:25",0,28,2004
"Norwich",20,"Norwich City",27,27,12,1.15,30.95,19,38,7,12,19,"42:77",-35,33,16,19,7,5,7,"29:32",-3,26,2004
"Southampton",10,"Southampton FC",41,25.9,25,2.08,85.48,20,38,6,14,18,"45:66",-21,32,17,19,5,9,5,"30:30",0,24,2004
"Tottenham",5,"Tottenham Hotspur",37,24.6,21,3.44,127.25,9,38,14,10,14,"47:41",6,52,7,19,9,5,5,"36:22",14,32,2004
"West Brom",18,"West Bromwich Albion",32,27.1,19,1.58,50.4,17,38,6,16,16,"36:61",-25,34,20,19,5,8,6,"17:24",-7,23,2004
"Arsenal",3,"Arsenal FC",37,23.7,30,6.28,232.33,4,38,20,7,11,"68:31",37,67,3,19,14,3,2,"48:13",35,45,2005
"Aston Villa",10,"Aston Villa",30,25.2,17,2.97,89,16,38,10,12,16,"42:55",-13,42,15,19,6,6,7,"20:20",0,24,2005
"Birmingham",13,"Birmingham City",33,26.5,18,2.48,81.83,18,38,8,10,20,"28:50",-22,34,17,19,6,5,8,"19:20",-1,23,2005
"Blackburn",16,"Blackburn Rovers",27,27.7,21,2.36,63.8,6,38,19,6,13,"51:42",9,63,5,19,13,3,3,"31:17",14,42,2005
"Bolton",18,"Bolton Wanderers",32,26.3,23,1.93,61.85,8,38,15,11,12,"49:41",8,56,8,19,11,5,3,"29:13",16,38,2005
"Charlton",12,"Charlton Athletic",36,26,21,2.29,82.43,13,38,13,8,17,"41:55",-14,47,12,19,8,4,7,"22:21",1,28,2005
"Chelsea",1,"Chelsea FC",30,24.8,20,12.11,363.43,1,38,29,4,5,"72:22",50,91,1,19,18,1,0,"47:9",38,55,2005
"Everton",8,"Everton FC",31,26.8,19,2.97,92.17,11,38,14,8,16,"34:49",-15,50,13,19,8,4,7,"22:22",0,28,2005
"FC Portsmouth",11,"FC Portsmouth",36,27,29,2.39,86.13,17,38,10,8,20,"37:62",-25,38,18,19,5,7,7,"17:24",-7,22,2005
"Fulham",14,"Fulham FC",33,27.2,24,2.15,70.88,12,38,14,6,18,"48:58",-10,48,7,19,13,2,4,"31:21",10,41,2005
"Liverpool",4,"Liverpool FC",37,24.4,27,5.85,216.35,3,38,25,7,6,"57:25",32,82,2,19,15,3,1,"32:8",24,48,2005
"Manchester City",9,"Manchester City",32,25.8,17,2.87,91.9,15,38,13,4,21,"43:48",-5,43,11,19,9,2,8,"26:20",6,29,2005
"Manchester Utd.",2,"Manchester United",34,24.8,21,7.49,254.58,2,38,25,8,5,"72:34",38,83,4,19,13,5,1,"37:8",29,44,2005
"Middlesbrough",7,"Middlesbrough FC",39,25.2,18,2.42,94.38,14,38,12,9,17,"48:58",-10,45,14,19,7,5,7,"28:30",-2,26,2005
"Newcastle Utd.",6,"Newcastle United",32,26,13,4.7,150.48,7,38,17,7,14,"47:42",5,58,9,19,11,5,3,"28:15",13,38,2005
"Sunderland",20,"Sunderland AFC",30,24.6,20,1.08,32.5,20,38,3,6,29,"26:69",-43,15,20,19,1,4,14,"12:37",-25,7,2005
"Tottenham",5,"Tottenham Hotspur",32,25.8,16,4.82,154.33,5,38,18,11,9,"53:38",15,65,6,19,12,5,2,"31:16",15,41,2005
"West Brom",15,"West Bromwich Albion",32,26.1,14,2.05,65.55,19,38,7,9,22,"31:58",-27,30,19,19,6,2,11,"21:24",-3,20,2005
"West Ham",17,"West Ham United",33,25.2,14,1.9,62.55,9,38,16,7,15,"52:55",-3,55,10,19,9,3,7,"30:25",5,30,2005
"Wigan",19,"Wigan Athletic",30,27.8,18,1.73,51.92,10,38,15,6,17,"45:52",-7,51,16,19,7,3,9,"24:26",-2,24,2005
"Arsenal",2,"Arsenal FC",38,23.3,32,7.32,278.18,4,38,19,11,8,"63:35",28,68,4,19,12,6,1,"43:16",27,42,2006
"Aston Villa",7,"Aston Villa",34,26,19,3.22,109.5,11,38,11,17,10,"43:41",2,50,12,19,7,8,4,"20:14",6,29,2006
"Blackburn",14,"Blackburn Rovers",31,27.4,24,2.55,78.9,10,38,15,7,16,"52:54",-2,52,11,19,9,3,7,"31:25",6,30,2006
"Bolton",16,"Bolton Wanderers",34,25.6,26,2.13,72.38,7,38,16,8,14,"47:52",-5,56,10,19,9,5,5,"26:20",6,32,2006
"Charlton",17,"Charlton Athletic",37,25.7,25,1.93,71.47,19,38,8,10,20,"34:60",-26,34,16,19,7,5,7,"19:20",-1,26,2006
"Chelsea",1,"Chelsea FC",37,24.2,24,11.27,416.81,2,38,24,11,3,"64:24",40,83,3,19,12,7,0,"37:11",26,43,2006
"Everton",8,"Everton FC",30,26.4,19,3.65,109.45,6,38,15,13,10,"52:36",16,58,7,19,11,4,4,"33:17",16,37,2006
"FC Portsmouth",10,"FC Portsmouth",31,27.4,20,3.13,97.08,9,38,14,12,12,"45:42",3,54,6,19,11,5,3,"28:15",13,38,2006
"Fulham",13,"Fulham FC",37,27.3,29,2.29,84.68,16,38,8,15,15,"38:60",-22,39,14,19,7,7,5,"18:18",0,28,2006
"Liverpool",4,"Liverpool FC",38,24.1,25,6.31,239.77,3,38,20,8,10,"57:27",30,68,2,19,14,4,1,"39:7",32,46,2006
"Manchester City",12,"Manchester City",32,25.6,16,2.79,89.15,14,38,11,9,18,"29:44",-15,42,18,19,5,6,8,"10:16",-6,21,2006
"Manchester Utd.",3,"Manchester United",38,24.5,19,6.82,259.15,1,38,28,5,5,"83:27",56,89,1,19,15,2,2,"46:12",34,47,2006
"Middlesbrough",11,"Middlesbrough FC",35,24.4,16,2.75,96.32,12,38,12,10,16,"44:49",-5,46,9,19,10,3,6,"31:24",7,33,2006
"Newcastle Utd.",6,"Newcastle United",35,25.5,23,4.34,152.05,13,38,11,10,17,"38:47",-9,43,13,19,7,7,5,"23:20",3,28,2006
"Reading",19,"FC Reading",38,24.4,26,NA,33.03,8,38,16,7,15,"52:47",5,55,8,19,11,2,6,"29:20",9,35,2006
"Sheff Utd",18,"Sheffield United",43,26.4,20,1.01,43.36,18,38,10,8,20,"32:55",-23,38,15,19,7,6,6,"24:21",3,27,2006
"Tottenham",5,"Tottenham Hotspur",38,24.1,20,4.34,164.83,5,38,17,9,12,"57:54",3,60,5,19,12,3,4,"34:22",12,39,2006
"Watford",20,"Watford FC",43,23.8,21,NA,32.84,20,38,5,13,20,"29:59",-30,28,20,19,3,9,7,"19:25",-6,18,2006
"West Ham",9,"West Ham United",35,25.9,14,3.01,105.45,15,38,12,5,21,"35:59",-24,41,17,19,8,2,9,"24:26",-2,26,2006
"Wigan",15,"Wigan Athletic",37,27.1,25,2.03,74.93,17,38,10,8,20,"37:59",-22,38,19,19,5,4,10,"18:30",-12,19,2006
"Arsenal",4,"Arsenal FC",35,22.8,30,7.5,262.4,3,38,24,11,3,"74:31",43,83,2,19,14,5,0,"37:11",26,47,2007
"Aston Villa",12,"Aston Villa",25,25.2,10,4.48,112.1,6,38,16,12,10,"71:51",20,60,7,19,10,3,6,"34:22",12,33,2007
"Birmingham",17,"Birmingham City",33,24.7,22,2.52,83.25,19,38,8,11,19,"46:62",-16,35,15,19,6,8,5,"30:23",7,26,2007
"Blackburn",15,"Blackburn Rovers",38,25.5,31,2.39,90.85,7,38,15,13,10,"50:48",2,58,8,19,8,7,4,"26:19",7,31,2007
"Bolton",13,"Bolton Wanderers",41,26,29,2.54,104.15,16,38,9,10,19,"36:54",-18,37,16,19,7,5,7,"23:18",5,26,2007
"Chelsea",1,"Chelsea FC",39,25.2,24,11.14,434.35,2,38,25,10,3,"65:26",39,85,3,19,12,7,0,"36:13",23,43,2007
"Derby",20,"Derby County",41,26.7,23,1.23,50.4,20,38,1,8,29,"20:89",-69,11,20,19,1,5,13,"12:43",-31,8,2007
"Everton",6,"Everton FC",32,25.3,18,4.85,155.3,5,38,19,8,11,"55:33",22,65,5,19,11,4,4,"34:17",17,37,2007
"FC Portsmouth",8,"FC Portsmouth",34,26.2,23,4.16,141.3,8,38,16,9,13,"48:40",8,57,11,19,7,8,4,"24:14",10,29,2007
"Fulham",14,"Fulham FC",43,27.7,33,2.3,99.05,17,38,8,12,18,"38:60",-22,36,19,19,5,5,9,"22:31",-9,20,2007
"Liverpool",3,"Liverpool FC",41,23.4,26,7.45,305.65,4,38,21,13,4,"67:28",39,76,4,19,12,6,1,"43:13",30,42,2007
"Manchester City",7,"Manchester City",35,24.4,23,4.29,150.1,9,38,15,10,13,"45:53",-8,55,6,19,11,4,4,"28:20",8,37,2007
"Manchester Utd.",2,"Manchester United",38,24.7,21,9.33,354.55,1,38,27,6,5,"80:22",58,87,1,19,17,1,1,"47:7",40,52,2007
"Middlesbrough",10,"Middlesbrough FC",34,24.5,15,3.56,120.9,13,38,10,12,16,"43:53",-10,42,17,19,7,5,7,"27:23",4,26,2007
"Newcastle Utd.",9,"Newcastle United",33,25.6,21,4.1,135.2,12,38,11,10,17,"45:65",-20,43,13,19,8,5,6,"25:26",-1,29,2007
"Reading",19,"FC Reading",43,24.9,30,1.53,65.93,18,38,10,6,22,"41:66",-25,36,18,19,8,2,9,"19:25",-6,26,2007
"Sunderland",16,"Sunderland AFC",45,25,33,1.86,83.75,15,38,11,6,21,"36:59",-23,39,9,19,9,3,7,"23:21",2,30,2007
"Tottenham",5,"Tottenham Hotspur",37,24.4,20,5.96,220.45,11,38,11,13,14,"66:61",5,46,10,19,8,5,6,"46:34",12,29,2007
"West Ham",11,"West Ham United",36,26.1,16,3.33,120,10,38,13,10,15,"42:50",-8,49,14,19,7,7,5,"24:24",0,28,2007
"Wigan",18,"Wigan Athletic",35,26.8,23,2.22,77.75,14,38,10,10,18,"34:51",-17,40,12,19,8,5,6,"21:17",4,29,2007
"Arsenal",4,"Arsenal FC",41,22.2,31,7.6,311.45,4,38,20,12,6,"68:37",31,72,5,19,11,5,3,"31:16",15,38,2008
"Aston Villa",8,"Aston Villa",32,25.1,14,4.79,153.35,6,38,17,11,10,"54:48",6,62,10,19,7,9,3,"27:21",6,30,2008
"Blackburn",14,"Blackburn Rovers",36,26.1,27,2.54,91.4,15,38,10,11,17,"40:60",-20,41,15,19,6,7,6,"22:23",-1,25,2008
"Bolton",17,"Bolton Wanderers",33,25.9,20,2.47,81.65,13,38,11,8,19,"41:53",-12,41,14,19,7,5,7,"21:21",0,26,2008
"Chelsea",1,"Chelsea FC",33,26.5,23,13.59,448.6,3,38,25,8,5,"68:24",44,83,4,19,11,6,2,"33:12",21,39,2008
"Everton",7,"Everton FC",32,24.8,16,5.95,190.33,5,38,17,12,9,"55:37",18,63,9,19,8,6,5,"31:20",11,30,2008
"FC Portsmouth",9,"FC Portsmouth",36,27.6,22,4.24,152.6,14,38,10,11,17,"38:57",-19,41,13,19,8,3,8,"26:29",-3,27,2008
"Fulham",16,"Fulham FC",38,26.2,24,2.21,83.85,7,38,14,11,13,"39:34",5,53,6,19,11,3,5,"28:16",12,36,2008
"Hull City",19,"Hull City",35,27.9,17,1.85,64.7,17,38,8,11,19,"39:64",-25,35,20,19,3,5,11,"18:36",-18,14,2008
"Liverpool",3,"Liverpool FC",33,24.8,27,10.39,342.85,2,38,25,11,2,"77:27",50,86,2,19,12,7,0,"41:13",28,43,2008
"Manchester City",6,"Manchester City",38,24.6,26,6.65,252.85,10,38,15,5,18,"58:50",8,50,3,19,13,0,6,"40:18",22,39,2008
"Manchester Utd.",2,"Manchester United",42,23.9,26,10.14,425.95,1,38,28,6,4,"68:24",44,90,1,19,16,2,1,"43:13",30,50,2008
"Middlesbrough",15,"Middlesbrough FC",33,23.2,14,2.59,85.45,19,38,7,11,20,"28:57",-29,32,16,19,5,9,5,"17:20",-3,24,2008
"Newcastle Utd.",10,"Newcastle United",38,24.8,22,3.54,134.55,18,38,7,13,18,"40:59",-19,34,18,19,5,7,7,"24:29",-5,22,2008
"Stoke City",20,"Stoke City",38,26.8,19,1.67,63.45,12,38,12,9,17,"38:55",-17,45,8,19,10,5,4,"22:15",7,35,2008
"Sunderland",12,"Sunderland AFC",44,25.5,29,2.51,110.3,16,38,9,9,20,"34:54",-20,36,19,19,6,3,10,"21:25",-4,21,2008
"Tottenham",5,"Tottenham Hotspur",43,23.7,24,6.49,279.1,8,38,14,9,15,"45:45",0,51,7,19,10,5,4,"21:10",11,35,2008
"West Brom",18,"West Bromwich Albion",35,24.9,25,1.89,66.1,20,38,8,8,22,"36:67",-31,32,17,19,7,3,9,"26:33",-7,24,2008
"West Ham",11,"West Ham United",40,25.2,20,3.35,133.9,9,38,14,9,15,"42:45",-3,51,11,19,9,2,8,"23:22",1,29,2008
"Wigan",13,"Wigan Athletic",35,26.5,22,2.96,103.75,11,38,12,9,17,"34:45",-11,45,12,19,8,5,6,"17:18",-1,29,2008
"Arsenal",4,"Arsenal FC",45,22.7,31,6.98,314.3,3,38,23,6,9,"83:41",42,75,3,19,15,2,2,"48:15",33,47,2009
"Aston Villa",8,"Aston Villa",31,26.5,13,5.4,167.38,6,38,17,13,8,"52:39",13,64,12,19,8,8,3,"29:16",13,32,2009
"Birmingham",18,"Birmingham City",36,26.5,18,1.93,69.65,9,38,13,11,14,"38:47",-9,50,11,19,8,9,2,"19:13",6,33,2009
"Blackburn",13,"Blackburn Rovers",35,26.3,29,2.62,91.63,10,38,13,11,14,"41:55",-14,50,9,19,10,6,3,"28:18",10,36,2009
"Bolton",14,"Bolton Wanderers",32,26.3,18,2.68,85.8,14,38,10,9,19,"42:67",-25,39,17,19,6,6,7,"26:31",-5,24,2009
"Burnley",20,"Burnley FC",33,26,20,1.46,48.15,18,38,8,6,24,"42:82",-40,30,15,19,7,5,7,"25:30",-5,26,2009
"Chelsea",1,"Chelsea FC",36,25.9,26,12.55,451.95,1,38,27,5,6,"103:32",71,86,1,19,17,1,1,"68:14",54,52,2009
"Everton",7,"Everton FC",42,24.1,23,5.21,218.93,8,38,16,13,9,"60:49",11,61,7,19,11,6,2,"35:21",14,39,2009
"Fulham",11,"Fulham FC",42,26.3,28,2.41,101.43,12,38,12,10,16,"39:46",-7,46,8,19,11,3,5,"27:15",12,36,2009
"Hull City",17,"Hull City",37,27,23,1.98,73.2,19,38,6,12,20,"34:75",-41,30,18,19,6,6,7,"22:29",-7,24,2009
"Liverpool",3,"Liverpool FC",34,24.6,25,9.75,331.55,7,38,18,9,11,"61:35",26,63,5,19,13,3,3,"43:15",28,42,2009
"Manchester City",5,"Manchester City",40,25.1,25,7.81,312.5,5,38,18,13,7,"73:45",28,67,6,19,12,4,3,"41:20",21,40,2009
"Manchester Utd.",2,"Manchester United",40,25,25,9.62,384.88,2,38,27,4,7,"86:28",58,85,2,19,16,1,2,"52:12",40,49,2009
"Stoke City",15,"Stoke City",38,26.9,19,2.12,80.65,11,38,11,14,13,"34:48",-14,47,13,19,7,6,6,"24:21",3,27,2009
"Sunderland",9,"Sunderland AFC",38,25.5,26,3.46,131.58,13,38,11,11,16,"48:56",-8,44,10,19,9,7,3,"32:19",13,34,2009
"Tottenham",6,"Tottenham Hotspur",41,24.3,20,6.43,263.53,4,38,21,7,10,"67:41",26,70,4,19,14,2,3,"40:12",28,44,2009
"West Ham",10,"West Ham United",35,24.8,20,3.48,121.75,17,38,8,11,19,"47:66",-19,35,14,19,7,5,7,"30:29",1,26,2009
"Wigan",16,"Wigan Athletic",36,26.2,27,2.16,77.6,16,38,9,9,20,"37:79",-42,36,16,19,6,7,6,"19:24",-5,25,2009
"Wolverhampton",19,"Wolverhampton Wanderers",37,25.1,19,1.77,65.48,15,38,9,11,18,"32:56",-24,38,19,19,5,6,8,"13:22",-9,21,2009
"Arsenal",5,"Arsenal FC",34,24.4,27,9.53,324,4,38,19,11,8,"72:43",29,68,5,19,11,4,4,"33:15",18,37,2010
"Aston Villa",7,"Aston Villa",39,26.1,20,5.2,202.8,9,38,12,12,14,"48:59",-11,48,11,19,8,7,4,"26:19",7,31,2010
"Birmingham",14,"Birmingham City",34,26.8,18,2.81,95.38,18,38,8,15,15,"37:58",-21,39,17,19,6,8,5,"19:22",-3,26,2010
"Blackburn",16,"Blackburn Rovers",37,26.1,29,2.47,91.53,15,38,11,10,17,"46:59",-13,43,13,19,7,7,5,"22:16",6,28,2010
"Blackpool",20,"Blackpool FC",45,25.2,23,1.11,50.03,19,38,10,9,19,"55:78",-23,39,19,19,5,5,9,"30:37",-7,20,2010
"Bolton",13,"Bolton Wanderers",34,26.4,18,2.95,100.15,14,38,12,10,16,"52:56",-4,46,7,19,10,5,4,"34:24",10,35,2010
"Chelsea",1,"Chelsea FC",33,25.5,22,12.85,424.1,2,38,21,8,9,"69:33",36,71,2,19,14,3,2,"39:13",26,45,2010
"Everton",8,"Everton FC",32,24.9,21,5.76,184.48,7,38,13,15,10,"51:45",6,54,9,19,9,7,3,"31:23",8,34,2010
"Fulham",12,"Fulham FC",34,28.5,27,3.22,109.55,8,38,11,16,11,"49:43",6,49,10,19,8,7,4,"30:23",7,31,2010
"Liverpool",4,"Liverpool FC",42,24.5,25,8.08,339.2,6,38,17,7,14,"59:44",15,58,4,19,12,4,3,"37:14",23,40,2010
"Manchester City",2,"Manchester City",45,24.4,28,8.98,404.18,3,38,21,8,9,"60:33",27,71,3,19,13,4,2,"34:12",22,43,2010
"Manchester Utd.",3,"Manchester United",43,25.1,29,9.02,388,1,38,23,11,4,"78:37",41,80,1,19,18,1,0,"49:12",37,55,2010
"Newcastle Utd.",11,"Newcastle United",38,24.7,17,3.14,119.48,12,38,11,13,14,"56:57",-1,46,15,19,6,8,5,"41:27",14,26,2010
"Stoke City",15,"Stoke City",33,27.9,20,2.86,94.45,13,38,13,7,18,"46:48",-2,46,8,19,10,4,5,"31:18",13,34,2010
"Sunderland",9,"Sunderland AFC",39,24.7,20,3.83,149.33,10,38,12,11,15,"45:56",-11,47,16,19,7,5,7,"25:27",-2,26,2010
"Tottenham",6,"Tottenham Hotspur",38,25.7,22,8.09,307.38,5,38,16,14,8,"55:46",9,62,6,19,9,9,1,"30:19",11,36,2010
"West Brom",17,"West Bromwich Albion",37,25.2,24,2.35,86.88,11,38,12,11,15,"56:71",-15,47,12,19,8,6,5,"30:30",0,30,2010
"West Ham",10,"West Ham United",40,25.9,24,3.47,138.75,20,38,7,12,19,"43:70",-27,33,20,19,5,5,9,"24:31",-7,20,2010
"Wigan",19,"Wigan Athletic",35,25,24,2.3,80.5,16,38,9,15,14,"40:61",-21,42,18,19,5,8,6,"22:34",-12,23,2010
"Wolverhampton",18,"Wolverhampton Wanderers",42,24.7,24,1.99,83.55,17,38,11,7,20,"46:66",-20,40,14,19,8,4,7,"30:30",0,28,2010
"Arsenal",4,"Arsenal FC",45,24.2,35,8.05,362.43,3,38,21,7,10,"74:49",25,70,4,19,12,4,3,"39:17",22,40,2011
"Aston Villa",10,"Aston Villa",37,25.6,23,3.34,123.5,16,38,7,17,14,"37:53",-16,38,17,19,4,7,8,"20:25",-5,19,2011
"Blackburn",15,"Blackburn Rovers",37,25.4,26,2.16,80,19,38,8,7,23,"48:78",-30,31,18,19,6,1,12,"26:33",-7,19,2011
"Bolton",12,"Bolton Wanderers",38,25.9,19,2.37,90.05,18,38,10,6,22,"46:77",-31,36,19,19,4,4,11,"23:39",-16,16,2011
"Chelsea",3,"Chelsea FC",32,26.7,21,11.73,375.5,6,38,18,10,10,"65:46",19,64,5,19,12,3,4,"41:24",17,39,2011
"Everton",7,"Everton FC",36,26.3,25,4.72,169.95,7,38,15,11,12,"50:40",10,56,8,19,10,3,6,"28:15",13,33,2011
"Fulham",11,"Fulham FC",36,27.1,28,2.78,100,9,38,14,10,14,"48:51",-3,52,7,19,10,5,4,"36:26",10,35,2011
"Liverpool",6,"Liverpool FC",31,25.6,18,7.64,236.9,8,38,14,10,14,"47:40",7,52,12,19,6,9,4,"24:16",8,27,2011
"Manchester City",1,"Manchester City",36,25.4,24,13.85,498.6,1,38,28,5,5,"93:29",64,89,1,19,18,1,0,"55:12",43,55,2011
"Manchester Utd.",2,"Manchester United",41,24.6,24,9.86,404.1,2,38,28,5,5,"89:33",56,89,2,19,15,2,2,"52:19",33,47,2011
"Newcastle Utd.",8,"Newcastle United",37,24.8,21,4.37,161.7,5,38,19,8,11,"56:51",5,65,6,19,11,5,3,"29:17",12,38,2011
"Norwich",20,"Norwich City",29,25.5,12,2.03,58.75,12,38,12,11,15,"52:66",-14,47,13,19,7,6,6,"28:30",-2,27,2011
"QPR",14,"Queens Park Rangers",48,27.6,25,1.7,81.38,17,38,10,7,21,"43:66",-23,37,14,19,7,5,7,"24:25",-1,26,2011
"Stoke City",13,"Stoke City",32,28.5,15,2.55,81.65,14,38,11,12,15,"36:53",-17,45,10,19,7,8,4,"25:20",5,29,2011
"Sunderland",9,"Sunderland AFC",36,25.5,20,3.51,126.5,13,38,11,12,15,"45:46",-1,45,11,19,7,7,5,"26:17",9,28,2011
"Swansea City",17,"Swansea City",34,25.5,21,2.22,75.6,11,38,12,11,15,"44:51",-7,47,9,19,8,7,4,"27:18",9,31,2011
"Tottenham",5,"Tottenham Hotspur",50,25.2,27,6.47,323.5,4,38,20,9,9,"66:41",25,69,3,19,13,3,3,"39:17",22,42,2011
"West Brom",19,"West Bromwich Albion",36,26,24,1.93,69.55,10,38,13,8,17,"45:52",-7,47,16,19,6,3,10,"21:22",-1,21,2011
"Wigan",18,"Wigan Athletic",30,26.2,22,2.48,74.25,15,38,11,10,17,"42:62",-20,43,15,19,5,7,7,"22:27",-5,22,2011
"Wolverhampton",16,"Wolverhampton Wanderers",37,25,24,2.11,78.05,20,38,5,10,23,"40:82",-42,25,20,19,3,3,13,"19:43",-24,12,2011
"Arsenal",4,"Arsenal FC",42,24,35,7.07,296.8,4,38,21,10,7,"72:37",35,73,5,19,11,5,3,"47:23",24,38,2012
"Aston Villa",12,"Aston Villa",33,24.7,21,3.35,110.5,15,38,10,11,17,"47:69",-22,41,17,19,5,5,9,"23:28",-5,20,2012
"Chelsea",3,"Chelsea FC",34,25.9,25,13.36,454.25,3,38,22,9,7,"75:39",36,75,4,19,12,5,2,"41:16",25,41,2012
"Everton",8,"Everton FC",29,25.7,20,4.82,139.75,6,38,16,15,7,"55:40",15,63,3,19,12,6,1,"33:17",16,42,2012
"Fulham",11,"Fulham FC",37,27.4,32,3,110.85,12,38,11,10,17,"50:60",-10,43,15,19,7,3,9,"28:30",-2,24,2012
"Liverpool",6,"Liverpool FC",41,23.5,21,6.73,276.1,7,38,16,13,9,"71:43",28,61,7,19,9,6,4,"33:16",17,33,2012
"Manchester City",1,"Manchester City",41,24.8,29,12.25,502.1,2,38,23,9,6,"66:34",32,78,2,19,14,3,2,"41:15",26,45,2012
"Manchester Utd.",2,"Manchester United",41,24.7,24,11.16,457.5,1,38,28,5,5,"86:43",43,89,1,19,16,0,3,"45:19",26,48,2012
"Newcastle Utd.",7,"Newcastle United",39,24.6,26,5.17,201.75,16,38,11,8,19,"45:68",-23,41,12,19,9,1,9,"24:31",-7,28,2012
"Norwich",19,"Norwich City",36,25.9,16,2.03,73.25,11,38,10,14,14,"41:58",-17,44,10,19,8,7,4,"25:20",5,31,2012
"QPR",10,"Queens Park Rangers",38,28.7,22,3.16,120.05,20,38,4,13,21,"30:60",-30,25,20,19,2,8,9,"13:28",-15,14,2012
"Reading",20,"FC Reading",35,26.3,25,1.32,46.25,19,38,6,10,22,"43:73",-30,28,18,19,4,8,7,"23:33",-10,20,2012
"Southampton",18,"Southampton FC",40,24.8,16,2.08,83.05,14,38,9,14,15,"49:60",-11,41,14,19,6,7,6,"26:24",2,25,2012
"Stoke City",13,"Stoke City",30,28.3,17,3.47,104.05,13,38,9,15,14,"34:45",-11,42,11,19,7,7,5,"21:22",-1,28,2012
"Sunderland",9,"Sunderland AFC",37,25.3,20,3.62,133.9,17,38,9,12,17,"41:54",-13,39,16,19,5,8,6,"20:19",1,23,2012
"Swansea City",15,"Swansea City",33,26.2,22,3.1,102.25,9,38,11,13,14,"47:51",-4,46,13,19,6,8,5,"28:26",2,26,2012
"Tottenham",5,"Tottenham Hotspur",41,25.5,21,7.24,296.8,5,38,21,9,8,"66:46",20,72,6,19,11,5,3,"29:18",11,38,2012
"West Brom",16,"West Bromwich Albion",32,26,23,2.91,93,8,38,14,7,17,"53:57",-4,49,9,19,9,4,6,"32:25",7,31,2012
"West Ham",14,"West Ham United",39,25.6,20,2.64,103,10,38,12,10,16,"45:53",-8,46,8,19,9,6,4,"34:22",12,33,2012
"Wigan",17,"Wigan Athletic",37,25.8,29,2.47,91.55,18,38,9,9,20,"47:73",-26,36,19,19,4,6,9,"26:39",-13,18,2012
"Arsenal",4,"Arsenal FC",41,24.5,34,9.41,385.75,4,38,24,7,7,"68:41",27,79,4,19,13,5,1,"36:11",25,44,2013
"Aston Villa",14,"Aston Villa",36,24.7,22,3.04,109.5,15,38,10,8,20,"39:61",-22,38,17,19,6,3,10,"22:29",-7,21,2013
"Cardiff",18,"Cardiff City",42,25.3,26,2.09,87.9,20,38,7,9,22,"32:74",-42,30,18,19,5,5,9,"20:35",-15,20,2013
"Chelsea",1,"Chelsea FC",49,24.7,40,11.92,584.2,3,38,25,7,6,"71:27",44,82,3,19,15,3,1,"43:11",32,48,2013
"Crystal Palace",19,"Crystal Palace",45,26.6,24,1.53,68.7,11,38,13,6,19,"33:48",-15,45,11,19,8,3,8,"18:23",-5,27,2013
"Everton",7,"Everton FC",34,26,23,6.18,210,5,38,21,9,8,"61:39",22,72,5,19,13,3,3,"38:19",19,42,2013
"Fulham",12,"Fulham FC",48,25.9,36,2.35,112.65,19,38,9,5,24,"40:85",-45,32,20,19,5,3,11,"24:38",-14,18,2013
"Hull City",20,"Hull City",34,27.2,23,2,68.15,16,38,10,7,21,"38:53",-15,37,12,19,7,4,8,"20:21",-1,25,2013
"Liverpool",5,"Liverpool FC",36,24.1,25,8.77,315.75,2,38,26,6,6,"101:50",51,84,2,19,16,1,2,"53:18",35,49,2013
"Manchester City",2,"Manchester City",28,26.5,22,16.37,458.3,1,38,27,5,6,"102:37",65,86,1,19,17,1,1,"63:13",50,52,2013
"Manchester Utd.",3,"Manchester United",37,25.5,24,10.88,402.55,7,38,19,7,12,"64:43",21,64,9,19,9,3,7,"29:21",8,30,2013
"Newcastle Utd.",8,"Newcastle United",37,24.8,27,4.66,172.3,10,38,15,4,19,"43:59",-16,49,10,19,8,3,8,"23:28",-5,27,2013
"Norwich",17,"Norwich City",32,26.6,18,2.79,89.3,18,38,8,9,21,"28:62",-34,33,14,19,6,6,7,"17:18",-1,24,2013
"Southampton",9,"Southampton FC",35,24.2,17,3.76,131.5,8,38,15,11,12,"54:46",8,56,8,19,8,6,5,"32:23",9,30,2013
"Stoke City",15,"Stoke City",33,26.5,22,3.17,104.7,9,38,13,11,14,"45:52",-7,50,6,19,10,6,3,"27:17",10,36,2013
"Sunderland",11,"Sunderland AFC",39,25.6,28,3.13,122,14,38,10,8,20,"41:60",-19,38,19,19,5,3,11,"21:27",-6,18,2013
"Swansea City",10,"Swansea City",36,25.7,28,3.58,128.93,12,38,11,9,18,"54:54",0,42,15,19,6,5,8,"33:26",7,23,2013
"Tottenham",6,"Tottenham Hotspur",41,23.8,22,7.05,288.95,6,38,21,6,11,"55:51",4,69,7,19,11,3,5,"30:23",7,36,2013
"West Brom",16,"West Bromwich Albion",33,27.2,24,2.75,90.8,17,38,7,15,16,"43:59",-16,36,16,19,4,9,6,"24:27",-3,21,2013
"West Ham",13,"West Ham United",45,25.9,26,2.43,109.5,13,38,11,7,20,"40:51",-11,40,13,19,7,3,9,"25:26",-1,24,2013
"Arsenal",4,"Arsenal FC",42,24,29,9.88,414.75,3,38,22,9,7,"71:36",35,75,4,19,12,5,2,"41:14",27,41,2014
"Aston Villa",13,"Aston Villa",38,25.3,20,3.01,114.25,17,38,10,8,20,"31:57",-26,38,17,19,5,6,8,"18:25",-7,21,2014
"Burnley",20,"Burnley FC",30,26.5,13,1.75,52.55,19,38,7,12,19,"28:53",-25,33,20,19,4,7,8,"14:21",-7,19,2014
"Chelsea",1,"Chelsea FC",38,24.9,28,14.66,557.25,1,38,26,9,3,"73:32",41,87,1,19,15,4,0,"36:9",27,49,2014
"Crystal Palace",16,"Crystal Palace",42,27,26,2.32,97.25,10,38,13,9,16,"47:51",-4,48,16,19,6,3,10,"21:27",-6,21,2014
"Everton",8,"Everton FC",40,25.3,21,4.57,182.85,11,38,12,11,15,"48:50",-2,47,11,19,7,7,5,"27:21",6,28,2014
"Hull City",12,"Hull City",35,27,24,3.35,117.1,18,38,8,11,19,"33:51",-18,35,18,19,5,5,9,"19:24",-5,20,2014
"Leicester City",19,"Leicester City",37,26.9,19,1.8,66.7,14,38,11,8,19,"46:55",-9,41,12,19,7,5,7,"28:22",6,26,2014
"Liverpool",5,"Liverpool FC",35,24.3,21,9.28,324.85,6,38,18,8,12,"52:48",4,62,6,19,10,5,4,"30:20",10,35,2014
"Manchester City",3,"Manchester City",36,26.4,29,12.56,452.25,2,38,24,7,7,"83:38",45,79,2,19,14,3,2,"44:14",30,45,2014
"Manchester Utd.",2,"Manchester United",43,24.9,26,11.75,505.4,4,38,20,10,8,"62:37",25,70,3,19,14,2,3,"41:15",26,44,2014
"Newcastle Utd.",9,"Newcastle United",42,23.9,26,3.33,140,15,38,10,9,19,"40:63",-23,39,13,19,7,5,7,"26:27",-1,26,2014
"QPR",14,"Queens Park Rangers",41,26,25,2.74,112.25,20,38,8,6,24,"42:73",-31,30,15,19,6,5,8,"23:24",-1,23,2014
"Southampton",7,"Southampton FC",37,24.5,20,5.68,210.25,7,38,18,6,14,"54:33",21,60,5,19,11,4,4,"37:13",24,37,2014
"Stoke City",15,"Stoke City",30,27.4,23,3.68,110.5,9,38,15,9,14,"48:45",3,54,7,19,10,3,6,"32:22",10,33,2014
"Sunderland",18,"Sunderland AFC",34,25.8,20,2.68,91,16,38,7,17,14,"31:53",-22,38,19,19,4,8,7,"16:27",-11,20,2014
"Swansea City",11,"Swansea City",36,25.3,26,3.63,130.75,8,38,16,8,14,"46:49",-3,56,9,19,9,5,5,"27:22",5,32,2014
"Tottenham",6,"Tottenham Hotspur",42,24.7,25,7.24,304.15,5,38,19,7,12,"58:53",5,64,8,19,10,3,6,"31:24",7,33,2014
"West Brom",17,"West Bromwich Albion",34,26.5,23,2.82,95.95,13,38,11,11,16,"38:51",-13,44,14,19,7,4,8,"24:26",-2,25,2014
"West Ham",10,"West Ham United",36,25.8,21,3.78,135.9,12,38,12,11,15,"44:47",-3,47,10,19,9,4,6,"25:18",7,31,2014
"Arsenal",3,"Arsenal FC",41,24.7,29,11.17,457.85,2,38,20,11,7,"65:36",29,71,3,19,12,4,3,"31:11",20,40,2015
"Aston Villa",16,"Aston Villa",44,24.5,23,2.68,117.95,20,38,3,8,27,"27:76",-49,17,20,19,2,5,12,"14:35",-21,11,2015
"Bournemouth",20,"AFC Bournemouth",49,25.1,22,2.04,99.9,16,38,11,9,18,"45:67",-22,42,19,19,5,5,9,"23:34",-11,20,2015
"Chelsea",1,"Chelsea FC",40,24.7,31,13.84,553.5,10,38,12,14,12,"59:53",6,50,13,19,5,9,5,"32:30",2,24,2015
"Crystal Palace",15,"Crystal Palace",38,26.6,20,3.57,135.7,15,38,11,9,18,"39:51",-12,42,18,19,6,3,10,"19:23",-4,21,2015
"Everton",7,"Everton FC",39,25.7,21,6.41,249.85,11,38,11,14,13,"59:55",4,47,15,19,6,5,8,"35:30",5,23,2015
"Leicester City",11,"Leicester City",35,26.9,20,4.6,161.1,1,38,23,12,3,"68:36",32,81,1,19,12,6,1,"35:18",17,42,2015
"Liverpool",5,"Liverpool FC",44,23.4,27,8.53,375.25,8,38,16,12,10,"63:50",13,60,8,19,8,8,3,"33:22",11,32,2015
"Manchester City",2,"Manchester City",38,25.4,27,13.14,499.35,4,38,19,9,10,"71:41",30,66,4,19,12,2,5,"47:21",26,38,2015
"Manchester Utd.",4,"Manchester United",44,23.5,25,10,439.85,5,38,19,9,10,"49:35",14,66,2,19,12,5,2,"27:9",18,41,2015
"Newcastle Utd.",10,"Newcastle United",42,24.5,26,4.71,198,18,38,9,10,19,"44:65",-21,37,10,19,7,7,5,"32:24",8,28,2015
"Norwich",17,"Norwich City",41,26.6,22,2.85,116.9,19,38,9,7,22,"39:67",-28,34,16,19,6,5,8,"26:30",-4,23,2015
"Southampton",8,"Southampton FC",35,25,20,6.44,225.5,6,38,18,9,11,"59:41",18,63,6,19,11,3,5,"39:22",17,36,2015
"Stoke City",12,"Stoke City",31,27.3,24,4.74,147,9,38,14,9,15,"41:55",-14,51,11,19,8,4,7,"22:24",-2,28,2015
"Sunderland",19,"Sunderland AFC",42,26.5,27,2.65,111.25,17,38,9,12,17,"48:62",-14,39,12,19,6,6,7,"23:20",3,24,2015
"Swansea City",13,"Swansea City",36,25.8,27,4.05,145.8,12,38,12,11,15,"42:52",-10,47,9,19,8,6,5,"20:20",0,30,2015
"Tottenham",6,"Tottenham Hotspur",31,23.7,16,12,371.85,3,38,19,13,6,"69:35",34,70,5,19,10,6,3,"35:15",20,36,2015
"Watford",14,"Watford FC",39,27.4,35,3.51,137,13,38,12,9,17,"40:50",-10,45,14,19,6,6,7,"20:19",1,24,2015
"West Brom",18,"West Bromwich Albion",35,26.4,22,3.23,113.1,14,38,10,13,15,"34:48",-14,43,17,19,6,5,8,"20:26",-6,23,2015
"West Ham",9,"West Ham United",50,24.2,28,4.03,201.33,7,38,16,14,8,"65:51",14,62,7,19,9,7,3,"34:26",8,34,2015
"Arsenal",4,"Arsenal FC",42,24.7,26,12.9,542,5,38,23,6,9,"77:44",33,75,3,19,14,3,2,"39:16",23,45,2016
"Bournemouth",17,"AFC Bournemouth",41,24.4,16,3.21,131.6,9,38,12,10,16,"55:67",-12,46,10,19,9,4,6,"35:29",6,31,2016
"Burnley",20,"Burnley FC",36,26.6,15,2.98,107.18,16,38,11,7,20,"39:55",-16,40,9,19,10,3,6,"26:20",6,33,2016
"Chelsea",1,"Chelsea FC",49,24.8,41,14.01,686.7,1,38,30,3,5,"85:33",52,93,2,19,17,0,2,"55:17",38,51,2016
"Crystal Palace",10,"Crystal Palace",45,26.1,26,5.08,228.43,14,38,12,5,21,"50:63",-13,41,18,19,6,2,11,"24:25",-1,20,2016
"Everton",7,"Everton FC",39,25.9,24,7.98,311.25,7,38,17,10,11,"62:44",18,61,4,19,13,4,2,"42:16",26,43,2016
"Hull City",15,"Hull City",42,26,23,3.23,135.85,18,38,9,7,22,"37:80",-43,34,13,19,8,4,7,"28:35",-7,28,2016
"Leicester City",11,"Leicester City",31,26.6,21,7.05,218.65,12,38,12,8,18,"48:63",-15,44,8,19,10,4,5,"31:25",6,34,2016
"Liverpool",6,"Liverpool FC",38,24.4,24,11.2,425.65,4,38,22,10,6,"78:42",36,76,5,19,12,5,2,"45:18",27,41,2016
"Manchester City",2,"Manchester City",44,25.7,36,13.79,606.7,3,38,23,9,6,"80:39",41,78,6,19,11,7,1,"37:17",20,40,2016
"Manchester Utd.",5,"Manchester United",42,24.4,25,12.65,531.45,6,38,18,15,5,"54:29",25,69,7,19,8,10,1,"26:12",14,34,2016
"Middlesbrough",18,"Middlesbrough FC",35,27.3,21,3.68,128.8,19,38,5,13,20,"27:53",-26,28,19,19,4,6,9,"17:23",-6,18,2016
"Southampton",9,"Southampton FC",36,25.3,19,7.33,263.75,8,38,12,10,16,"41:48",-7,46,17,19,6,6,7,"17:21",-4,24,2016
"Stoke City",12,"Stoke City",34,27.1,27,5.47,186,13,38,11,11,16,"41:56",-15,44,14,19,7,6,6,"24:24",0,27,2016
"Sunderland",16,"Sunderland AFC",42,25.3,27,3.14,132,20,38,6,6,26,"29:69",-40,24,20,19,3,5,11,"16:34",-18,14,2016
"Swansea City",14,"Swansea City",37,26.9,28,4.25,157.1,15,38,12,5,21,"45:70",-25,41,15,19,8,3,8,"27:34",-7,27,2016
"Tottenham",3,"Tottenham Hotspur",38,23.7,20,14.31,543.65,2,38,26,8,4,"86:26",60,86,1,19,17,2,0,"47:9",38,53,2016
"Watford",13,"Watford FC",46,26.8,36,3.82,175.65,17,38,11,7,20,"40:68",-28,40,12,19,8,4,7,"25:29",-4,28,2016
"West Brom",19,"West Bromwich Albion",30,27.3,18,4.11,123.2,10,38,12,9,17,"43:51",-8,45,11,19,9,2,8,"27:22",5,29,2016
"West Ham",8,"West Ham United",44,24.7,28,6.21,273.05,11,38,12,9,17,"47:64",-17,45,16,19,7,4,8,"19:31",-12,25,2016
"Arsenal",6,"Arsenal FC",45,24.8,27,15.42,694,6,38,19,6,13,"74:51",23,63,2,19,15,2,2,"54:20",34,47,2017
"Bournemouth",19,"AFC Bournemouth",35,26,13,4.13,144.5,12,38,11,11,16,"45:61",-16,44,15,19,7,5,7,"26:30",-4,26,2017
"Brighton",18,"Brighton & Hove Albion",39,26.7,27,3.8,148.2,15,38,9,13,16,"34:54",-20,40,8,19,7,8,4,"24:25",-1,29,2017
"Burnley",15,"Burnley FC",30,27.8,16,5.64,169.3,7,38,14,12,12,"36:39",-3,54,14,19,7,5,7,"16:17",-1,26,2017
"Chelsea",2,"Chelsea FC",46,24.7,33,19.22,884.25,5,38,21,7,10,"62:38",24,70,6,19,11,4,4,"30:16",14,37,2017
"Crystal Palace",11,"Crystal Palace",41,25.8,23,5.38,220.73,11,38,11,11,16,"45:55",-10,44,13,19,7,5,7,"29:27",2,26,2017
"Everton",7,"Everton FC",48,24.9,29,7.94,381.25,8,38,13,10,15,"44:58",-14,49,7,19,10,4,5,"28:22",6,34,2017
"Huddersfield",20,"Huddersfield Town",35,25.6,19,3.03,106.05,16,38,9,10,19,"28:58",-30,37,16,19,6,5,8,"16:25",-9,23,2017
"Leicester City",8,"Leicester City",34,26.5,21,8.95,304.25,9,38,12,11,15,"56:60",-4,47,10,19,7,6,6,"25:22",3,27,2017
"Liverpool",3,"Liverpool FC",35,24.9,21,24.5,857.5,4,38,21,12,5,"84:38",46,75,4,19,12,7,0,"45:10",35,43,2017
"Manchester City",1,"Manchester City",32,25.1,21,31.53,1010,1,38,32,4,2,"106:27",79,100,1,19,16,2,1,"61:14",47,50,2017
"Manchester Utd.",4,"Manchester United",35,26.1,22,24.27,849.5,2,38,25,6,7,"68:28",40,81,3,19,15,2,2,"38:9",29,47,2017
"Newcastle Utd.",12,"Newcastle United",37,25.4,24,5.63,208.28,10,38,12,8,18,"39:47",-8,44,9,19,8,4,7,"21:17",4,28,2017
"Southampton",9,"Southampton FC",29,25.8,16,10.24,297,17,38,7,15,16,"37:56",-19,36,19,19,4,7,8,"20:26",-6,19,2017
"Stoke City",14,"Stoke City",35,26.2,27,5.5,192.45,19,38,7,12,19,"35:68",-33,33,18,19,5,5,9,"20:30",-10,20,2017
"Swansea City",17,"Swansea City",36,26.3,25,4.6,165.49,18,38,8,9,21,"28:56",-28,33,17,19,6,3,10,"17:24",-7,21,2017
"Tottenham",5,"Tottenham Hotspur",34,24.7,22,24.4,829.6,3,38,23,8,7,"74:36",38,77,5,19,13,4,2,"40:16",24,43,2017
"Watford",13,"Watford FC",37,26.8,28,5.3,196,14,38,11,8,19,"44:64",-20,41,12,19,7,6,6,"27:31",-4,27,2017
"West Brom",16,"West Bromwich Albion",33,26.5,17,5.03,165.95,20,38,6,13,19,"31:56",-25,31,20,19,3,9,7,"21:29",-8,18,2017
"West Ham",10,"West Ham United",41,25.3,24,6.36,260.6,13,38,10,12,16,"48:68",-20,42,11,19,7,6,6,"24:26",-2,27,2017
"Arsenal",6,"Arsenal FC",42,24.9,28,15.69,659.05,5,38,21,7,10,"73:51",22,70,3,19,14,3,2,"42:16",26,45,2018
"Bournemouth",10,"AFC Bournemouth",37,25.7,16,8.38,310,14,38,13,6,19,"56:70",-14,45,10,19,8,5,6,"30:25",5,29,2018
"Brighton",18,"Brighton & Hove Albion",41,25.8,29,4.74,194.35,17,38,9,9,20,"35:60",-25,36,16,19,6,5,8,"19:28",-9,23,2018
"Burnley",17,"Burnley FC",33,28.1,14,5.98,197.25,15,38,11,7,20,"45:68",-23,40,15,19,7,2,10,"24:32",-8,23,2018
"Cardiff",20,"Cardiff City",35,27.3,20,3.23,113,18,38,10,4,24,"34:69",-35,34,19,19,6,2,11,"21:38",-17,20,2018
"Chelsea",3,"Chelsea FC",54,25.6,40,21.6,1170,3,38,21,9,8,"63:39",24,72,4,19,12,6,1,"39:12",27,42,2018
"Crystal Palace",13,"Crystal Palace",36,26.4,21,8.03,289,12,38,14,7,17,"51:53",-2,49,18,19,5,5,9,"19:23",-4,20,2018
"Everton",7,"Everton FC",40,26,27,13.23,529.1,8,38,15,9,14,"54:46",8,54,7,19,10,4,5,"30:21",9,34,2018
"Fulham",14,"Fulham FC",33,25.7,25,7.7,254.25,19,38,7,5,26,"34:81",-47,26,17,19,6,3,10,"22:36",-14,21,2018
"Huddersfield",19,"Huddersfield Town",33,25.3,21,4.17,137.45,20,38,3,7,28,"22:76",-54,16,20,19,2,3,14,"10:31",-21,9,2018
"Leicester City",8,"Leicester City",37,26.4,26,11.73,434.1,9,38,15,7,16,"51:48",3,52,11,19,8,3,8,"24:20",4,27,2018
"Liverpool",2,"Liverpool FC",39,24.7,25,30.06,1170,2,38,30,7,1,"89:22",67,97,2,19,17,2,0,"55:10",45,53,2018
"Manchester City",1,"Manchester City",46,24.3,33,26.16,1200,1,38,32,2,4,"95:23",72,98,1,19,18,0,1,"57:12",45,54,2018
"Manchester Utd.",5,"Manchester United",36,25.3,22,22.16,797.6,6,38,19,9,10,"65:54",11,66,6,19,10,6,3,"33:25",8,36,2018
"Newcastle Utd.",15,"Newcastle United",37,26,22,6.61,244.65,13,38,12,9,17,"42:48",-6,45,13,19,8,1,10,"24:25",-1,25,2018
"Southampton",11,"Southampton FC",40,24.9,18,7.64,305.4,16,38,9,12,17,"45:65",-20,39,14,19,5,8,6,"27:30",-3,23,2018
"Tottenham",4,"Tottenham Hotspur",34,25.4,20,26.43,898.6,4,38,23,2,13,"67:39",28,71,5,19,12,2,5,"34:16",18,38,2018
"Watford",16,"Watford FC",39,26.2,32,6.13,239.1,11,38,14,8,16,"52:59",-7,50,12,19,8,3,8,"26:28",-2,27,2018
"West Ham",9,"West Ham United",37,26.6,23,9.7,359,10,38,15,7,16,"52:55",-3,52,9,19,9,4,6,"32:27",5,31,2018
"Wolverhampton",12,"Wolverhampton Wanderers",40,24.1,26,7.57,302.9,7,38,16,9,13,"47:46",1,57,8,19,10,4,5,"28:21",7,34,2018
"Arsenal",6,"Arsenal FC",38,24.3,23,15.99,607.65,8,38,14,14,10,"56:48",8,56,7,19,10,6,3,"36:24",12,36,2019
"Aston Villa",13,"Aston Villa",38,25.7,22,6.1,231.7,17,38,9,8,21,"41:67",-26,35,14,19,7,3,9,"22:30",-8,24,2019
"Bournemouth",11,"AFC Bournemouth",39,24.8,16,6.98,272.18,18,38,9,7,22,"40:65",-25,34,18,19,5,6,8,"22:30",-8,21,2019
"Brighton",15,"Brighton & Hove Albion",45,24.7,28,4.46,200.78,15,38,9,14,15,"39:54",-15,41,17,19,5,7,7,"20:27",-7,22,2019
"Burnley",18,"Burnley FC",35,26.3,12,4.68,163.88,10,38,15,9,14,"43:50",-7,54,11,19,8,4,7,"24:23",1,28,2019
"Chelsea",4,"Chelsea FC",36,24.1,22,19.61,705.85,4,38,20,6,12,"69:54",15,66,6,19,11,3,5,"30:16",14,36,2019
"Crystal Palace",17,"Crystal Palace",33,26.8,18,5.74,189.33,14,38,11,10,17,"31:50",-19,43,15,19,6,5,8,"15:20",-5,23,2019
"Everton",7,"Everton FC",35,26,21,12.01,420.3,12,38,13,10,15,"44:56",-12,49,10,19,8,7,4,"24:21",3,31,2019
"Leicester City",8,"Leicester City",32,25.9,18,12.85,411.1,5,38,18,8,12,"67:41",26,62,5,19,11,4,4,"35:17",18,37,2019
"Liverpool",2,"Liverpool FC",56,23.3,31,17.9,1000,1,38,32,3,3,"85:33",52,99,1,19,18,1,0,"52:16",36,55,2019
"Manchester City",1,"Manchester City",34,25.1,23,30.84,1050,2,38,26,3,9,"102:35",67,81,2,19,15,2,2,"57:13",44,47,2019
"Manchester Utd.",5,"Manchester United",43,23.9,24,15.59,670.45,3,38,18,12,8,"66:36",30,66,4,19,10,7,2,"40:17",23,37,2019
"Newcastle Utd.",12,"Newcastle United",41,26,22,6.16,252.48,13,38,11,11,16,"38:58",-20,44,12,19,6,8,5,"20:21",-1,26,2019
"Norwich",19,"Norwich City",38,25.5,25,3.83,145.4,20,38,5,6,27,"26:75",-49,21,20,19,4,3,12,"19:37",-18,15,2019
"Sheff Utd",20,"Sheffield United",34,27.3,15,4.08,138.6,9,38,14,12,12,"39:39",0,54,8,19,10,3,6,"24:15",9,33,2019
"Southampton",14,"Southampton FC",36,24.4,18,5.85,210.75,11,38,15,7,16,"51:60",-9,52,19,19,6,3,10,"21:35",-14,21,2019
"Tottenham",3,"Tottenham Hotspur",36,24.8,22,22.41,806.8,6,38,16,11,11,"61:47",14,59,3,19,12,3,4,"36:17",19,39,2019
"Watford",16,"Watford FC",43,25.7,27,4.64,199.6,19,38,8,10,20,"36:64",-28,34,13,19,6,6,7,"22:27",-5,24,2019
"West Ham",10,"West Ham United",38,26.5,24,7.99,303.6,16,38,10,9,19,"49:62",-13,39,16,19,6,4,9,"30:33",-3,22,2019
"Wolverhampton",9,"Wolverhampton Wanderers",44,23.1,30,7.28,320.33,7,38,15,14,9,"51:40",11,59,9,19,8,7,4,"27:19",8,31,2019
"Arsenal",6,"Arsenal FC",42,24.4,26,14.74,619.25,8,38,18,7,13,"55:39",16,61,9,19,8,4,7,"24:21",3,28,2020
"Aston Villa",10,"Aston Villa",53,23.3,24,8.13,430.75,11,38,16,7,15,"55:46",9,55,11,19,7,4,8,"29:27",2,25,2020
"Brighton",12,"Brighton & Hove Albion",46,24.3,28,6.31,290.4,16,38,9,14,15,"40:46",-6,41,16,19,4,9,6,"22:22",0,21,2020
"Burnley",20,"Burnley FC",32,26.6,11,4.13,132.3,17,38,10,9,19,"33:55",-22,39,17,19,4,6,9,"14:27",-13,18,2020
"Chelsea",3,"Chelsea FC",39,25.2,23,22.8,889.2,4,38,19,10,9,"58:36",22,67,4,19,9,6,4,"31:18",13,33,2020
"Crystal Palace",17,"Crystal Palace",36,27.7,18,5.38,193.85,14,38,12,8,18,"41:66",-25,44,14,19,6,5,8,"20:32",-12,23,2020
"Everton",7,"Everton FC",44,24.7,26,11.62,511.2,10,38,17,8,13,"47:48",-1,59,15,19,6,4,9,"24:28",-4,22,2020
"Fulham",15,"Fulham FC",38,26.4,28,6.31,239.75,18,38,5,13,20,"27:53",-26,28,20,19,2,4,13,"9:28",-19,10,2020
"Leeds",16,"Leeds United",39,24.5,23,6.11,238.1,9,38,18,5,15,"62:54",8,59,7,19,8,5,6,"28:21",7,29,2020
"Leicester City",8,"Leicester City",40,25.3,26,12.77,510.7,5,38,20,6,12,"68:50",18,66,8,19,9,1,9,"34:30",4,28,2020
"Liverpool",2,"Liverpool FC",43,24.4,28,22.55,969.65,3,38,20,9,9,"68:42",26,69,5,19,10,3,6,"29:20",9,33,2020
"Manchester City",1,"Manchester City",36,24.9,22,29.01,1040,1,38,27,5,6,"83:32",51,86,1,19,13,2,4,"43:17",26,41,2020
"Manchester Utd.",4,"Manchester United",39,24.9,24,19.74,770.05,2,38,21,11,6,"73:44",29,74,6,19,9,4,6,"38:28",10,31,2020
"Newcastle Utd.",14,"Newcastle United",33,26.9,18,7.74,255.35,12,38,12,9,17,"46:62",-16,45,13,19,6,5,8,"26:33",-7,23,2020
"Sheff Utd",18,"Sheffield United",40,24.9,14,3.75,149.85,20,38,7,2,29,"20:63",-43,23,18,19,5,1,13,"12:27",-15,16,2020
"Southampton",13,"Southampton FC",39,24.5,19,7.25,282.8,15,38,12,7,19,"47:68",-21,43,10,19,8,3,8,"28:25",3,27,2020
"Tottenham",5,"Tottenham Hotspur",41,24.6,23,17.16,703.5,7,38,18,8,12,"68:45",23,62,3,19,10,3,6,"35:20",15,33,2020
"West Brom",19,"West Bromwich Albion",43,26.1,18,3.28,141.15,19,38,5,11,22,"35:76",-41,26,19,19,3,6,10,"15:39",-24,15,2020
"West Ham",11,"West Ham United",39,26.5,23,8.59,334.9,6,38,19,8,11,"62:47",15,65,2,19,10,4,5,"32:22",10,34,2020
"Wolverhampton",9,"Wolverhampton Wanderers",38,23.9,32,11.85,450.3,13,38,12,9,17,"36:52",-16,45,12,19,7,4,8,"21:25",-4,25,2020
